iso3_country,country_name,emissions_2015,2016,2017,2018,2019,2020,2021,2022,2023,2024,emissions_2025,change_2015_2025,percent_change_2015_2025
ABW,ABW,1590824.2719488854,1659905.8229494607,1735166.0648256913,1656429.768288938,1637213.865912787,1358050.6768175422,1636632.3476159284,1678291.2524982763,1622670.2238175157,1727924.6350733447,1716353.9491282736,125529.67717938824,7.8908575505705905
AFG,AFG,42534868.18453234,39420919.85645408,40260215.722448684,44593962.44080597,43786153.13574851,44330116.56225362,44052841.597770415,44380848.33440656,45798312.15724445,47130011.89270508,47774753.0662068,5239884.881674454,12.319034019200087
AGO,AGO,109433190.1277956,108759962.30921264,104636852.75030604,101598931.66231628,102025912.40896054,90036192.02241038,92420675.56162488,95665642.7456263,96640200.28140724,94589061.51796822,93369995.7096732,-16063194.41812238,-14.678539846424886
AIA,AIA,148716.1257016271,157637.20446104908,157655.54904328095,149075.21156383655,155561.1229328748,144849.8534382798,143828.88362319078,148281.84066573787,175681.56919006986,166587.99435104674,164915.61431622892,16199.48861460181,10.89289311308664
ALA,ALA,329659.3172573522,358232.35819456296,383103.428594648,393897.119893784,405305.48245612025,415983.2308265207,476237.8212701599,459653.3614380162,354515.38125268306,392939.1321267058,431071.5643641669,101412.2471068147,30.762742564210956
ALB,ALB,12136243.627436072,11661376.641968742,11938723.99411914,11801569.686468778,12048401.200083388,10579831.932221832,10923003.551847408,11010748.03511302,10923190.776906032,10996467.549318371,11111707.268896371,-1024536.3585396986,-8.441956094417531
AND,AND,228208.6902705972,228968.66514913773,234806.92779514584,242638.1039872841,241143.4271319229,236880.9316169775,242876.3236030711,239582.80185576665,239406.80589479185,241539.2081971358,244392.25139658336,16183.561125986162,7.091562160405282
ARE,ARE,399343583.1777664,413102188.7220494,402685563.4087296,388753220.9273661,407843381.995292,381067131.76557887,403336766.0068238,427928081.944479,432489941.48797387,438782996.7990248,437054861.9198544,37711278.74208796,9.443316565149592
ARG,ARG,424606949.2270078,422491619.90748215,433039390.93899584,432653272.1910192,432192754.1965676,409767221.8910889,443567998.8835108,454553446.6252407,445730857.3935676,455662645.63387966,463406268.9835172,38799319.75650936,9.13770248629776
ARM,ARM,10666414.518704256,10351120.498606622,10645765.36633321,10738684.14945264,11504130.897439187,12548834.33315338,13321612.037402986,13510530.597488968,14042668.960985512,13228225.502181754,13327155.697715688,2660741.1790114325,24.945038225784764
ASM,ASM,312698.1061189769,321947.21276666125,351341.5537121482,357924.8777768142,341055.6370501196,324027.8726351302,330192.0097380949,335518.13684808183,378537.35652828834,351383.1725563047,334195.2730466714,21497.16692769452,6.874735250080207
ATA,ATA,74525.87735029866,95109.9373283977,123026.93688257094,135245.43040826212,159011.84972017628,122993.84808240272,122495.49801943706,287354.7794538125,466430.1514179834,548183.3799631041,615648.3053032754,541122.4279529767,726.086625467695
ATF,ATF,798.9444868704187,811.9762953511188,824.4379274889782,842.4485982043594,845.1810606966541,763.9939412966044,962.96918678402,690.812260693838,624.4718502640924,629.6602774296989,703.8446364363974,-95.09985043402128,-11.90318626598716
ATG,ATG,899555.5782360183,948480.7439945182,1050707.2446318169,1031555.882367189,1084587.3487338957,850609.9332449724,885626.1563601957,1045195.373945474,1032668.5242468942,1083723.1574723,1043826.7588595996,144271.1806235814,16.038050801317876
AUS,AUS,753852739.2887143,774549701.1492918,797611023.7558202,809147146.7496042,820290854.1847614,790004427.6187133,790616219.897708,791163907.4095097,803994818.9036922,800550618.5228341,789368731.4671799,35515992.178465605,4.7112639282807605
AUT,AUT,86241032.60563555,85835805.59911355,89548565.47366074,84234500.93184407,86646218.55667059,78960023.2889976,83584615.2312213,80961084.84802824,77419650.32882065,78352601.73010951,80530835.21993318,-5710197.385702372,-6.621207113572096
AZE,AZE,76325186.63563357,75604482.93157303,76465020.71631208,79394861.74527301,83856340.196444,81634874.06063499,88206898.8709809,89924350.56944908,90884481.78803034,91246568.859923,91958686.53398204,15633499.89834848,20.48275358038855
BDI,BDI,9644874.023095671,10066317.1144611,10944269.344863173,11534360.40835524,11909625.8641795,11504330.545692584,12266976.365659423,12502965.51177484,12548623.53911339,12715386.490117054,12794025.009466637,3149150.986370962,32.65103285776451
BEL,BEL,140318178.27060428,139958680.57410926,139548287.02310583,140751415.72104967,140697400.1327631,131198215.92550604,137095677.56860343,131684065.72577962,123964273.20496008,126965680.61210212,128238101.51395053,-12080076.75665377,-8.609060426481083
BEN,BEN,15569903.885484343,17103619.436889857,17492897.878350697,19686838.721834663,19532050.187093318,19737603.156144768,18051484.375712022,18615286.6545161,19254429.770716947,18955391.102210466,19269527.976804774,3699624.0913204327,23.761380407553784
BES,BES,1755879.555764705,1795563.813834415,1803632.9816592303,1171350.305479106,1177730.458966956,1051740.8613839922,1092043.8141212529,1208575.7706661262,1136473.277842851,1154927.4249818528,1099666.2922171932,-656213.2635475118,-37.37233920134822
BFA,BFA,36286042.29315829,37229576.58221434,38469949.43749705,40464431.48793023,41570922.04647304,35986884.627423376,40049180.88622864,41101516.344722666,41962176.00589459,41358479.33186673,41720129.23699029,5434086.943831995,14.975694786247296
BGD,BGD,286458380.70930016,293340394.2252547,295369270.15934855,305932480.7827982,307423977.04550165,302289625.8433768,316387100.6183435,316817688.63344955,316416833.33154786,325959080.55661654,329452748.5470354,42994367.83773524,15.008940472007415
BGR,BGR,65085785.04827086,62210859.72148717,65123765.49131067,63091619.49897288,61704515.697128266,56243325.37521773,62023563.26177779,65106792.38253015,54685277.28716135,51173952.19044794,51550375.762182586,-13535409.286088273,-20.796260314060497
BHR,BHR,63870685.949653134,65026958.86893017,65494060.26642028,66022650.024115935,69957631.4369658,69374835.9912259,72515143.5484714,74769594.1857533,74717146.8137985,74731874.1694534,75956371.1732279,12085685.223574772,18.922115903219616
BHS,BHS,4750771.396352633,5082771.254429299,5356076.100852676,5883427.549966917,6473666.428395053,5931586.79917215,6201446.503660871,6896193.922300068,7013364.931389616,7618037.6497620605,7644733.845611288,2893962.449258656,60.91563259559221
BIH,BIH,30725457.18216398,34216117.78669906,34837410.48133056,35029007.74414118,33398880.028186776,34010064.45855314,34066613.10163929,34646258.371792465,34284591.729266725,34054218.36611222,32652740.345567614,1927283.163403634,6.272593934004715
BLM,BLM,94118.74203598654,113861.07092670564,111674.8081799603,94983.06692961587,125980.04597653994,129795.97678187724,120183.15697627015,145119.2011726119,160014.24364777352,132026.64230976027,139079.0898932672,44960.34785728066,47.76981383802384
BLR,BLR,137995203.5289274,136824988.89222553,138037854.867029,141377497.8271904,138906097.67432132,135217822.0527196,135368627.33755884,132579846.42887732,130577529.7027066,131095726.16868164,130243893.50311863,-7751310.025808752,-5.617086556333732
BLZ,BLZ,1677452.8356415788,1737332.1123039173,1819613.0190689329,1762811.9646810936,1887363.9956539224,1756565.3984855397,1785072.5055410108,1854996.8888700795,2191645.1770864083,2272941.1458877623,2320478.096147049,643025.2605054704,38.33343309825646
BMU,BMU,1052887.6338346044,1097851.658710951,1187427.7175764176,1144394.6822883412,1197436.5520432768,811820.1730514284,856728.4913169993,1075543.339242041,1084704.1270955524,1132752.0405095078,1088596.158113879,35708.52427927451,3.391484820580947
BOL,BOL,70003808.61183295,72140849.26774934,73496708.73881006,74258223.54534915,73873667.11781004,68627386.69971675,80070145.99273212,80876479.44283068,81544844.81290177,82401185.04665065,82161150.6164844,12157342.004651455,17.36668653567581
BRA,BRA,1292530712.2603526,1255535408.3228595,1273849731.1174026,1260487314.0608263,1273440974.9771154,1269759876.5448492,1354940589.5371137,1341639822.7958713,1350652665.6295595,1354907812.8045518,1367986488.607181,75455776.34682846,5.837832372653867
BRB,BRB,2225588.6196925333,2317504.413794653,2335295.069015522,2437205.8395304773,2523048.7897429257,2453772.814047405,2222913.48816584,2439663.630837996,2448855.006933631,2504379.608579057,2477824.181659105,252235.5619665715,11.333431512667334
BRN,BRN,14766448.495312303,14615924.706068449,14734846.162045412,14995678.61209607,15806903.635394532,17503247.25039013,17218455.58688924,15727006.246198326,15830774.80268984,16315280.639482835,16341595.154061971,1575146.658749668,10.667064997041823
BTN,BTN,3456044.918390694,3721598.311223924,3763058.057032249,4028017.327283867,4413821.158781631,4052112.095778814,3887885.919917975,3754215.888628904,3651070.498478472,3789608.193367892,3852158.477896332,396113.55950563774,11.46147023141377
BVT,BVT,0.0,0.0,0.0,0.0,0.0,0.0,0.0,0.0,0.0,0.0,0.0,0.0,
BWA,BWA,19537347.939776976,18432384.282620173,18539075.21356364,19822177.29658844,18260071.34904343,16390851.409105027,17304083.825846337,18019862.76871899,17780121.53296072,17500838.633342538,17342519.82002208,-2194828.119754896,-11.23401255134708
CAF,CAF,13115483.810161466,13560235.741780896,13464006.844814137,13839548.88832718,14365987.51368548,14338169.118720911,14578830.529134529,14928909.109376673,15424763.91353625,15334474.331990128,15350342.465201968,2234858.6550405025,17.03984913853505
CAN,CAN,883321376.26099,880601711.5370444,901168818.5108752,925819192.7798628,924069178.8164212,857506656.1801119,886810912.2870386,915391426.527406,928392008.6901312,936228249.1343164,934156698.9840608,50835322.72307086,5.755020096791005
CCK,CCK,4864.358790126439,5104.7956760633815,5110.743959279978,4999.312551656703,5031.341739651149,4899.152189282298,5313.648412443407,4575.516132060132,4288.9465219675085,4412.03987020708,5081.664937817368,217.3061476909288,4.467313310276612
CHE,CHE,48794770.355700806,50030080.48667424,49457803.73441112,48318228.090771824,48153540.24411322,42562048.80999191,44230679.87613256,43530899.49253307,43714440.84946594,44048962.77303712,44533106.52252848,-4261663.833172321,-8.733853652975379
CHL,CHL,122591514.89091304,127257071.3334858,128656170.98604377,133364975.35699192,138239965.37585875,128921593.1921558,135213422.19074604,136419406.0161968,129358212.70835076,127839321.90221474,124503647.43439344,1912132.5434803965,1.5597592909932554
CHN,CHN,13999522685.976353,14150599414.35231,14496319324.18797,14940081077.713928,15349573726.20533,15707210920.622612,16416686066.585648,16605212746.699286,17360294323.349625,17519937428.87007,17518235252.209835,3518712566.2334824,25.13451812009461
CIV,CIV,33196496.383378804,35048525.34882574,36026809.49144525,36595422.71542875,38026625.02192928,37596843.925366215,39143106.96177643,40030556.384755015,41107775.97068189,42214594.682321504,43931332.934595264,10734836.55121646,32.33725760466487
CMR,CMR,55001351.01332835,55757510.96533087,53732295.97467759,55203128.11125313,56239239.591542,57951332.55256193,57960487.310487404,58718562.15790204,59739101.50274977,60551320.97917366,60422668.8423386,5421317.829010248,9.856699388523223
COD,COD,47953341.64609596,43905736.08338673,47420814.05252575,47727807.54961236,49786815.8101099,56800758.73333135,59731125.55557988,63124026.69993053,65521050.22117545,67213527.86427383,67859028.27829756,19905686.6322016,41.510530755310114
COG,COG,28609287.09958465,27801836.50485829,29982530.29851733,33319466.97904789,34300303.073938504,32007158.744653497,30505919.06938757,31545215.627682667,32625413.355653983,33703784.61084601,35188327.928956024,6579040.829371374,22.996171860105136
COK,COK,155775.66309242492,173663.7648501253,175643.43097466498,188698.33318465357,198830.30876903076,131374.80346027375,134623.91585219614,156452.62142170206,175665.0623982878,190293.57467946893,198200.49511611785,42424.83202369293,27.234570010157107
COL,COL,233574383.6481122,233410751.960825,225746761.0518011,236014938.24178547,242957138.49392527,231984805.178613,238410096.57343733,243082155.34700665,250026380.8702108,256571023.20830676,255137547.74988335,21563164.101771176,9.231818902819764
COM,COM,636213.8595251924,672129.2903817944,749863.244441052,765377.2113902459,847326.7920990528,860842.3515222501,820095.5481158893,854036.08547574,853077.9575716092,881625.5246035672,881815.2232446062,245601.36371941376,38.60358589212541
CPV,CPV,1188115.3473729794,1335056.1413264244,1370466.5600269253,1454259.4379784258,1627040.0382545225,1359087.233397561,1386065.979221107,1603694.970398655,1622562.9756227336,1823654.0981192295,1863486.7509498096,675371.4035768302,56.84392555572418
CRI,CRI,18574753.472182456,18884292.09305201,18958229.898896743,19430199.621021792,20501527.71053926,18317187.483917084,20151204.12163548,19762817.50877582,20437255.310250185,21166189.08257635,21050590.26623819,2475836.794055734,13.32904255102791
CUB,CUB,60921784.53965113,58631142.44247583,58409062.57705282,58263052.37990278,53929276.112351686,48584045.68081025,47395363.05579837,46026161.50279251,46521582.0215864,46675366.835949466,45983589.845006734,-14938194.6946444,-24.520284176708294
CUW,CUW,4143175.9734048992,4057259.175132572,3440918.421831518,3037238.6138336994,2713280.7309878776,2596105.4153468544,2550604.817434096,2651527.790609256,2682886.912206621,2855472.8337836256,2818494.379505273,-1324681.5938996263,-31.972612372797453
CXR,CXR,9527.829148964298,8995.380072932148,9161.843091793457,9490.834202565033,9461.763988854014,8673.947862862258,23066.924915834225,32915.44567805331,30287.37367509288,26594.57783474889,27778.9097133057,18251.0805643414,191.55549788931037
CYM,CYM,1037214.7010330372,1093033.677640172,1043244.4337758104,1078290.49185399,1158602.645600726,894577.4973278238,827298.7019860108,983894.2629762732,1072868.6219425283,1115014.9647131748,1086844.0762135729,49629.3751805356,4.784870011108222
CYP,CYP,8447043.805938156,9144540.25002649,9794922.003385464,10304120.157837862,10988681.594811672,9875519.039502963,10614286.051349107,11221748.027928744,11437375.710045245,11424471.777718946,11600326.677495142,3153282.871556986,37.33001679641191
CZE,CZE,134635011.87654257,136448750.61606622,135529657.3804254,134278437.77475348,127526974.36417086,116278153.88203156,120840877.80044068,119664631.68697669,106692107.62705693,99548161.31955452,99796129.06745017,-34838882.80909242,-25.876540079365785
DEU,DEU,1026577045.5439456,1026796686.9629496,977504505.9827412,944639876.6632272,880978694.1501667,811477045.6637951,851948284.158936,848694800.7891189,775177603.8616693,762222626.4524003,756559138.9733564,-270017906.5705893,-26.302741498327254
DJI,DJI,3126250.939894883,3125147.44953254,3080483.964764551,3177749.4963156134,3283551.7185592847,3387204.8889634013,3372944.260341252,3431442.359117274,3499258.705246078,3402578.3642683118,3442403.099133187,316152.159238304,10.1128209256591
DMA,DMA,323101.5399600231,328465.26479867427,296924.16556776874,289792.610238048,336229.7497254739,302938.5200931097,299229.3285837365,338337.07815702894,362648.1840515645,377133.953479537,379598.7404499429,56497.200489919866,17.48589638319588
DNK,DNK,61749652.24865803,64395990.91135654,61813618.81568652,63343524.5396275,60280128.29799536,56481962.61196149,59482065.78247188,59442309.77174872,57586810.60166386,56768635.834332205,56728505.14591755,-5021147.1027404815,-8.131458105255327
DOM,DOM,38658095.12543288,40297532.73260719,40371230.97523547,42014657.47194,44768118.482532,42879819.247752726,45823665.7708108,48734321.74779786,50474783.932561286,51929028.83184459,52230744.93026552,13572649.804832635,35.10946351803892
DZA,DZA,301672023.05306566,305066611.51482844,305532024.21600085,314032632.89416474,315725322.35364085,303469155.7355251,325398109.5809398,339401566.3369817,341432577.6369151,327528511.72422737,327124075.2804716,25452052.227405906,8.436994577693655
ECU,ECU,93395520.36119848,92549362.14505447,92397088.57463364,91920685.00628744,93491704.5452267,83338173.65988198,84887717.84779848,86846227.89990419,86938424.88076718,90624036.35307918,88274087.28838374,-5121433.072814733,-5.483596057935185
EGY,EGY,375771700.9533336,375721975.4187042,378423592.2163418,378562692.11343145,361613006.7914158,361960380.0405577,365513591.2937948,369980521.20585465,381057640.7289594,390399826.2163437,385496467.5678741,9724766.614540458,2.587945443967362
ERI,ERI,10558960.088083874,9676123.027235154,9183919.406127471,9695331.473241877,9791505.364038892,9766969.801522544,10031072.185024204,10181247.5199745,10504748.499329358,10420455.20040049,10429076.341368493,-129883.74671538174,-1.2300808567498964
ESH,ESH,1027841.6220363444,1076067.0474322257,1005765.805361536,1056058.1764782972,1135348.2313215125,973611.213672804,1239285.650968618,1277258.3247432588,1286996.2237994275,1285670.9316609814,1227513.201159672,199671.57912332783,19.426298258650156
ESP,ESP,367379765.7044905,358690749.11530256,374553676.7173166,373225402.7411196,357131553.3814539,311005818.66948444,332709033.5318931,342787261.714379,331043780.63325506,329226216.2133487,330696959.1526993,-36682806.55179113,-9.984982836887566
EST,EST,30170618.402451985,29877322.148859456,31553528.48664404,33762210.21543117,25304494.0974307,22195940.990807757,23259587.20084162,25157412.443594333,21290282.746680044,20444305.94407975,20182675.301159665,-9987943.10129232,-33.10486702016222
ETH,ETH,198161481.21445188,207561734.01165843,212587340.8378473,221569800.2913272,236892434.4366028,247178528.8610232,237168879.47126144,242245845.1666928,254785238.0660189,263986892.2667004,263815399.1898264,65653917.97537452,33.131523630630994
FIN,FIN,89025893.10083136,91543106.82297131,89844923.78369978,92664549.6364178,88974221.22996937,82257754.85797575,82685138.84815004,80447533.63119508,75966607.28651921,73907855.92620787,74452429.82507439,-14573463.27575697,-16.369915277627108
FJI,FJI,8811995.802848497,9188516.663860928,9629806.44300219,9962037.65183711,10095608.790180692,9582055.775420412,3092452.5150269084,3556630.269282978,3797590.123894856,3931616.763101465,3976692.625721667,-4835303.17712683,-54.87182796391945
FLK,FLK,6917418.064229475,6861132.953019328,6863624.457292533,6881297.328925198,6857562.77540318,6855265.0153910415,6903207.34857385,6914114.049022257,6897569.048090852,6994127.962731079,6963361.528737822,45943.46450834628,0.6641707076506425
FRA,FRA,510385809.9544486,512051489.4026301,520982506.24998,512227688.7227439,501613169.0951829,444337143.1356689,474772584.5706637,469586291.51161087,444392565.0929745,438399792.1588027,439095771.359798,-71290038.59465057,-13.96787238285742
FRO,FRO,1229570.347264685,1221714.167466384,1374919.5256660406,1471987.8749835545,1567864.6136708497,1619610.3734709949,1715327.8123549572,1720378.896056994,1736567.539433841,1615464.7845148009,1623242.452774199,393672.105509514,32.01704614829733
FSM,FSM,418755.4234178519,442657.20040175214,547636.7966672297,598697.0887257215,505379.5342719772,396519.8592606764,351379.7921821473,360642.0818064911,399856.1616051105,457426.4540685837,425482.801992701,6727.378574849165,1.6065173604059335
GAB,GAB,30826033.332690224,30929991.286017668,24243084.643895097,22873368.716712218,24803561.15600261,24146040.97893755,23589640.50735359,24402710.55529772,26919881.95915322,27346472.39746056,26901531.20744589,-3924502.1252443343,-12.731129181912936
GBR,GBR,578664889.2452499,558847258.2451088,549434774.0504755,538851133.2946599,527074876.5770713,471172285.0473595,486767537.9679916,484332965.0810074,461561820.9598192,451652180.5805312,451166691.01038885,-127498198.23486102,-22.033166449956276
GEO,GEO,18549269.447826967,19480082.63166064,19234219.68221377,18895065.002199396,20106851.05411525,19276404.92334425,20699376.71521477,21824381.411848117,22269540.93171288,22820795.563515466,23110883.919047967,4561614.471221,24.591882090296497
GGY,GGY,768712.4612780976,790694.3215949587,805954.404276019,823013.8064329779,830867.4965545662,762310.6565569428,816947.3032262283,834785.4505027763,878950.50759495,845697.4193379511,861339.1433433319,92626.68206523429,12.049587684740898
GHA,GHA,40529390.48245432,41712152.249187775,44889882.0848625,48481264.875857614,52183529.26061846,55807791.08315157,56320811.86504121,57097024.60915573,58103659.85199719,58850842.63217025,58990340.26340093,18460949.780946605,45.54953716596992
GIB,GIB,971840.6087950215,1113469.0959621498,1177028.4441091036,1248195.5711929512,1293187.909012386,1319888.374396422,824461.9780823181,819264.3560383143,805664.4772025583,739489.6111206313,783319.0115363384,-188521.5972586833,-19.39840705899601
GIN,GIN,38876490.2940385,41801656.91271757,43857380.20794013,45652722.73065139,47946712.45849203,50221316.34525387,44475494.229502015,46429545.779572,46215210.3156343,48379095.02849157,48986318.862128966,10109828.56809046,26.004992970367876
GLP,GLP,3081393.9610144994,3171357.3834319315,3210011.5566003155,3332996.3197791227,3324734.51983906,3080404.602333931,2944100.316780545,3119132.7241159184,3082988.70290504,3114399.7290769084,2760068.983136106,-321324.9778783936,-10.427909639071355
GMB,GMB,3620269.187172357,3561604.3988085664,3467121.957601519,3367987.784062784,3686684.569235608,3738253.284504141,3492406.075049,3606130.0621571606,3671837.325385127,3580360.1365367463,3635333.900060462,15064.71288810484,0.4161213464867033
GNB,GNB,3941767.958180697,4117732.6442891513,3875226.817357545,3940703.429634617,4135404.7890757145,4216819.381816243,3839985.350991224,4001217.5481678303,4028921.349512655,4115438.816273985,4110785.786887536,169017.82870683912,4.287868552892912
GNQ,GNQ,21578942.587922346,19916407.760084476,18185332.27916817,15855101.437198449,14860314.989146613,13676487.366653528,13142107.027263043,13092799.86744875,11630477.010456286,11660750.984778425,11210839.441264456,-10368103.146657886,-48.04731790917724
GRC,GRC,113244549.66619998,113986977.53244972,114745336.11612424,112072291.47737826,105379282.79848576,91333021.87981516,94035863.18017332,97271294.66493498,93782498.2916203,94568062.98463435,92032100.0838043,-21212449.582395688,-18.73154129264638
GRD,GRD,440825.9403196168,504137.37868464616,535608.3103427672,560226.5289353915,619105.266688349,515793.9483970395,532565.8173860648,651173.6366802398,664918.2425038352,680179.2136499967,699879.5799005927,259053.63958097587,58.765516247331405
GRL,GRL,876480.637901302,886136.875151336,920183.9763417584,953849.6013484248,985856.4989881894,1005580.0533199748,1052349.1195866144,1265955.1011421145,1367648.3612160953,1268227.3876913183,1250576.9154956385,374096.2775943365,42.68163624128597
GTM,GTM,37581551.75520933,38520460.82973317,37899212.35834073,40267491.154022574,41373391.87901013,39172433.58699608,42932052.11480122,42378039.2163127,44972213.35728623,45425696.22454588,46153093.877773054,8571542.12256372,22.8078451320882
GUF,GUF,960033.1378347066,1035618.8827712226,1000663.6523518548,1066680.4865028867,1159244.0805398277,1058821.072864416,970532.468745994,1010563.8795891954,1008378.988623486,1024823.7434563336,1014776.2966602084,54743.1588255018,5.702215545285394
GUM,GUM,2403320.6127830376,2464494.115718808,2463126.941205513,2405208.14542444,2504373.238700131,2400448.379889402,2364173.2424959457,2346803.3746092618,2451882.991797095,2480843.2474635323,2484719.6533264657,81399.04054342816,3.386940556764431
GUY,GUY,8857839.579307955,8742625.416796688,9017882.061086822,8826012.61337071,9262093.8016044,11059968.370225407,13091763.779325835,17209583.18739345,19301186.072463047,21563481.210766744,23987758.7121603,15129919.132852346,170.80823148113973
HKG,HKG,73162896.48584548,74492019.80030343,74821230.55416383,74266557.3456081,73274126.30881354,54935442.41788349,54475739.02912178,53053460.59006183,59421427.3690218,62274721.01334697,62428791.48190457,-10734105.00394091,-14.671514551118944
HMD,HMD,0.0,0.0,0.0,0.0,0.0,0.0,0.0,0.0,0.0,0.0,0.0,0.0,
HND,HND,23319422.8164752,22743614.59683807,22504680.86236198,21429108.060523547,22772658.213829163,22177506.71232606,23979412.290876582,24777243.30753382,25365716.43528337,26006037.99739738,26492844.98984484,3173422.1733696386,13.608493650741702
HRV,HRV,27046430.118260883,27815150.09420314,28755241.120473605,28128921.363861077,28759292.014563907,27172260.63062461,28738109.29082414,28942966.22322507,30094494.74933866,30299462.407708403,30596483.004759084,3550052.8864982016,13.125772499274571
HTI,HTI,10839323.788421836,11177165.222584594,11205131.086404463,11107084.430185927,11265464.05498197,11118034.006106617,11093281.540936736,11262814.860245712,11417552.147521194,11530003.250501571,11592131.680394469,752807.8919726331,6.945155497400628
HUN,HUN,84861257.03297642,81372311.6040435,88570701.46397652,89415173.92302358,87746579.67877305,83441606.87304942,76333636.93643318,72960390.91556105,69256464.75392205,71214673.9261246,72543487.1439647,-12317769.889011726,-14.515186693764315
IDN,IDN,1201233649.5453546,1173068015.6758742,1225392331.2740593,1320846970.8553855,1358073279.7707283,1320121304.993361,1374572888.7543554,1497935355.4570413,1570125639.5169127,1615986817.7020934,1635942658.8070278,434709009.2616732,36.188547450881245
IMN,IMN,883172.0695369923,890441.1102833854,892841.7230772714,897770.296681411,861688.1054657887,824427.5716668789,832848.1251313533,865285.7608570557,876615.1307218198,877040.6598779445,865212.8407008147,-17959.228836177615,-2.0334914854806083
IND,IND,3222925077.0061355,3264757499.182176,3409510381.9771457,3535237457.719424,3570676564.819078,3380125973.6851563,3641173617.24008,3909266111.179362,4159329470.569369,4304810273.999662,4334488769.409461,1111563692.4033256,34.48928119160275
IOT,IOT,73168.583599299,79015.65833507317,82822.83601444445,87370.25845420144,105830.96303930036,92323.89982354852,100488.77275925364,110775.56848782704,77771.93981752971,114539.64765671884,74249.1359396701,1080.5523403710977,1.4767982202425058
IRL,IRL,75629200.2580627,80170412.01705836,79838381.71446966,77264325.29242319,75098304.72680195,70504734.40388621,74960812.0895179,75023829.36701192,71501604.53975002,72303089.08124565,71923560.20746596,-3705640.050596744,-4.899747766672558
IRN,IRN,950768815.5613052,979893348.253485,1023325448.845893,1034488251.77974,1049599038.4997072,1084099406.1884024,1127348290.733564,1156817553.3654706,1202797137.4883192,1228886361.5419075,1239690071.290264,288921255.7289587,30.38817123575812
IRQ,IRQ,353408891.11182857,411289893.1530007,430758543.3723714,440540956.5230282,465902635.18518746,421466827.61903113,438475803.9055478,469776585.0256985,492887256.9062383,501016887.77367705,516126545.8826731,162717654.77084452,46.04232062722951
ISL,ISL,8223584.229924407,8653511.05509801,9108852.768504309,9489451.228437455,8994018.802050587,7835241.165701726,8909851.633188669,9441037.187171267,9631631.235521024,9749929.163138686,9836851.4799131,1613267.2499886935,19.617568263218523
ISR,ISR,84299408.48527108,83613641.09997651,83208494.11172584,85060029.54108326,88130857.20920812,86086981.84275834,88572750.73444377,92603895.3641811,92209488.04240815,92334988.13574496,93951283.5506936,9651875.065422503,11.449516952552395
ITA,ITA,448231083.24313295,452854996.43417966,454350234.94730335,449229721.6014473,438084869.5249302,391278675.7335887,414984168.39982855,417981551.1718487,387119088.7356648,375040905.2271464,377644987.1676097,-70586096.07552326,-15.747702181830933
JAM,JAM,10547344.20744506,10994502.81201215,10659731.776111912,12274243.575264657,11991159.668473972,9121038.872822097,9759803.650520736,10994986.055481533,11203939.793264048,11339535.085955828,11230799.380855726,683455.1734106652,6.479879294431619
JEY,JEY,974317.675282302,1014585.3249662626,1010187.6561275978,1028534.7637060784,1051504.7902358354,1001079.6698996496,1060556.125584236,1055546.882420294,1059094.4707576493,1053166.644689601,1070884.1204534462,96566.44517114408,9.911186835768389
JOR,JOR,37967969.44498815,37154271.49015962,39537034.16802497,38637848.36448335,36503297.17023744,33627041.61090624,36308274.31897192,37016625.64661687,36735743.22658813,37145416.87083211,38921969.0898326,953999.64484445,2.512643311691192
JPN,JPN,1572615524.4759512,1522178993.3296728,1507676768.3882158,1465251609.4243674,1421790682.0783637,1337819353.947713,1364743133.1623847,1363928562.5852425,1310742577.699653,1304086037.6078851,1288640112.983194,-283975411.4927571,-18.057523092771664
KAZ,KAZ,313853597.1143459,327102431.43773484,347015887.46640766,357433327.05171543,356020295.7498316,373622572.6391719,378788831.89528537,392638001.50845873,404450692.4292066,388098080.7585544,398779125.6152464,84925528.5009005,27.058962931038096
KEN,KEN,86655598.08870713,93436947.22186698,89718679.58603635,92945641.83661932,102686833.56539278,114431353.65423708,107254376.68328243,102215869.54676662,108947989.28970914,115942359.88905925,116662518.23243476,30006920.14372763,34.627791862921896
KGZ,KGZ,23747344.81626748,25597468.16750581,22056556.46294212,23180103.46112344,21178785.78965225,21208095.40221884,23313882.59447059,23829779.37003128,23935856.90079232,24715357.868453834,25037182.69744239,1289837.8811749108,5.431503568733049
KHM,KHM,31836456.16844417,35443762.170713075,34005940.99284942,36457648.56701183,41105073.01447216,42375699.229253374,43506558.74585797,44408843.6491304,46502728.12209968,49735412.37819102,50095207.43147132,18258751.263027143,57.35170763486218
KIR,KIR,321344.75481069245,249231.2529831045,236798.57461123032,259218.62098483497,399669.6633823009,336200.00715084583,296633.9727693839,301700.1148014811,362871.3144970377,338846.19577232946,320366.04704621166,-978.7077644807868,-0.3045662796199532
KNA,KNA,495497.3539852367,523736.03504379536,609940.2849598854,588223.7582719272,578169.1186073356,412326.097438789,420176.8456885904,538584.4963683684,549316.3898541429,544266.4909331525,558198.5389481876,62701.18496295088,12.65419168410313
KOR,KOR,750981919.5483124,756845349.3498687,780559601.1011288,800495164.4755342,779467379.2055475,731385887.5078788,760656806.4129174,739158249.0574371,728115611.134975,717364665.2789378,714434190.2232554,-36547729.32505703,-4.8666590198388695
KWT,KWT,175449539.37469986,184298333.7285756,180546639.25115347,183780455.909074,187463473.92957217,178816766.27004778,184673239.2515422,200374980.02473,204424442.44639537,209994932.4284939,220693091.15700695,45243551.78230712,25.787216052863187
LAO,LAO,18665421.777236704,25580163.824531317,29197209.67111669,30286221.911113627,30682824.46694789,30457307.997423872,33910101.42372209,35791366.9707453,40692105.8003924,40907738.03262129,41324280.14718853,22658858.369951826,121.39483715061448
LBN,LBN,38027111.31501058,38998492.35500274,40544055.96320605,39321081.08845455,37175593.2701133,31396247.835720334,25527988.408041127,20093439.40905625,21094990.57534657,21878794.406480443,21361245.54586787,-16665865.769142706,-43.82627339501365
LBR,LBR,5818840.779238443,6121265.375791345,5527031.489396615,5854606.516622554,6194593.701993586,6587874.842919679,5987948.9592783535,6138723.387322092,6026523.625139078,5738677.983115218,5830541.458344038,11700.679105594754,0.2010826477215641
LBY,LBY,104333720.33884464,104336777.94094296,127622155.71998812,141089217.8567911,147645050.556511,91245133.4220514,143275026.03950337,139305247.0630126,149540823.2709603,136316169.2842906,143259229.22954473,38925508.8907001,37.30865607426029
LCA,LCA,894663.357391264,947915.4031028585,1044043.2640663306,998442.7158993676,1122186.3865338827,881984.9514814009,860068.0233676091,1028637.8537163984,1053894.497402109,1076596.936220311,1036301.6033204888,141638.24592922465,15.831457135142491
LIE,LIE,113132.56660187256,115846.40804153902,115289.37160926382,111084.42887436584,111697.24837183072,103612.27231373113,114825.8167039371,101659.55936136896,99295.22526650604,100291.90881207531,101313.7045949412,-11818.862006931347,-10.446914060142715
LKA,LKA,36480232.11304415,40943223.38418797,40350054.03201807,40949364.11226416,43114232.191538334,41545083.96298237,41904475.51512448,43187789.777844585,41789928.57086721,43682108.80390301,43965575.6451211,7485343.532076947,20.51890324842651
LSO,LSO,4622676.484519489,4739935.035963111,5150484.333407126,4927043.693870875,4875782.077640618,4596118.33426133,5175276.511028542,5955997.757553871,5238208.383461885,5185687.06271662,5137468.995548119,514792.5110286297,11.136243532347052
LTU,LTU,34604699.557320744,34314912.48188977,34854687.85134599,34772135.74879214,34696885.698958986,34228811.4549843,34258894.80485837,32351169.593308985,31385796.641406894,31549050.87438424,32301866.04783104,-2302833.509489708,-6.654684302850811
LUX,LUX,6759084.641620184,6626899.618336822,7393139.728645067,7671755.422566839,7298479.381001028,6618904.053979736,6774793.9582464425,6583335.320553208,6176024.863509738,6175853.09621467,6249361.417842818,-509723.2237773658,-7.541305528838338
LVA,LVA,19636748.700732373,19807043.926741656,19878471.81578781,20773738.440562204,20724974.12701428,19411090.64623071,20066262.020956907,19694906.67591659,19456177.6077183,19613252.249402,20086010.805062965,449262.1043305919,2.287864000183677
MAC,MAC,2270085.758472633,2407300.399854793,2872810.861518719,2302763.844708074,2580129.8360463767,2098023.216377756,2030452.0400238545,1654315.0302518085,2081578.173258704,2479744.3317505745,2420401.7243549954,150315.96588236187,6.621598559496622
MAF,MAF,311490.7385047946,438361.2418062168,450880.2592121273,408990.9544398647,430482.8718982348,419724.53240037255,426712.8605578965,438659.4461302343,498533.7881106546,474796.5710715599,465012.6337130314,153521.89520823682,49.286182936021305
MAR,MAR,94871353.84554972,95902018.44349936,99500160.27726506,102406068.09782284,109962564.84794173,107904215.40509813,114009847.56546472,118348190.90107416,116946036.41503176,118738571.74756244,120129795.09817377,25258441.25262402,26.62388616667649
MCO,MCO,145220.11968933523,155927.54693979106,163477.8229566644,174016.06399283215,163783.94934302053,112698.62902804982,139916.16164380114,122086.02566896376,126669.8277013806,145723.73672028075,148809.13638407606,3589.016694740829,2.471432128288213
MDA,MDA,15016895.123456595,15200887.753371147,15187151.552785885,15853933.298740156,16462977.87882078,15662594.288074274,16817944.102878496,15278517.522849806,15919806.261216229,16236288.230312278,16525973.774289448,1509078.6508328505,10.049205501046943
MDG,MDG,43873300.70666335,45089858.54657385,45689069.98683142,43651194.8074527,45671371.2126209,43408340.11070539,39938325.41078913,39604395.784290925,41224699.86585491,41525035.31533487,41989653.92019776,-1883646.7864655848,-4.293378332894617
MDV,MDV,1851935.7993992644,2011956.5270519336,2102360.1885377164,2263453.58827425,2416743.5034164647,1978649.805735393,2423676.136508347,2636914.2011968093,2701912.2807126315,2730144.7310602213,2786304.426540737,934368.6271414728,50.45361871856279
MEX,MEX,823760231.4801141,829569021.9770141,833995148.7947018,827682685.4666789,833638640.0067078,743783100.6899092,784897819.5039093,781044244.7687585,805266437.960782,814182937.9955869,805612945.2265966,-18147286.25351751,-2.202981591003837
MHL,MHL,552987.1276540314,682602.2117084169,577247.5615695575,546252.6231451754,540224.122264614,392300.2062231383,393666.8162229952,355158.0838898196,400689.877643859,364734.13880948897,366613.5890845777,-186373.5385694537,-33.70305188840773
MKD,MKD,11418374.755622275,11355295.019253625,12000730.108640442,11535179.53466045,12420876.358789388,11248824.94678771,10788478.816291174,11716610.262807583,11598540.501594774,10851757.828489956,10778747.85561598,-639626.9000062961,-5.601733291258033
MLI,MLI,49692520.20419788,55071302.000198856,58810965.161739215,63202459.46252741,66234079.04462735,68343890.65139246,68222687.49445084,70251444.97589386,72997220.1063748,74357432.21575508,74654624.20610838,24962104.0019105,50.23312140204508
MLT,MLT,3727121.168990572,3556431.884248352,3919923.952370943,4117363.072414912,4032059.319467341,3480680.2444924214,4122185.989704764,4413592.478035915,4666463.471377683,4366885.460629115,4453500.713423552,726379.54443298,19.48902414218285
MMR,MMR,119279593.70907176,124979336.60133678,142458827.5649487,117103236.10173966,118240284.6517728,118049718.85465422,118431945.6424268,118835469.24465212,121586620.23952746,118035011.88127196,120106407.4990626,826813.7899908423,0.6931728758294382
MNE,MNE,4030502.967810816,3937571.5920686256,4068091.18247081,4278419.492597311,4354009.064976258,4186946.187864886,4170153.5755230873,4454252.9664651165,4624751.991304988,4499345.137356691,3663622.515858805,-366880.4519520113,-9.102597241139954
MNG,MNG,82447023.4746045,90600870.18484432,97643282.59282036,101847740.82506125,108779051.28558885,101686154.02055286,104209155.06468669,107676006.8100698,126935977.36728851,137171070.06325895,138467703.01024234,56020679.53563784,67.94748576083337
MNP,MNP,668710.5962653608,679438.2803333882,711491.4490056874,657235.2233041332,586406.7418309633,526044.4094494635,605709.8458520893,608131.0079447172,640311.4864033468,639318.1163653918,626063.621995462,-42646.97426989884,-6.377493419137547
MOZ,MOZ,29472063.74791593,32619416.719487272,35270434.41764955,38323915.6599916,36595458.77580528,33982995.97632325,38242379.01790596,42024874.07554545,46253534.17260176,46515269.68481798,47245415.448247895,17773351.700331964,60.30575887848634
MRT,MRT,17245044.97809174,17229983.68633333,18432670.48719507,18972298.30588256,19985611.811329383,21279573.597012214,21470871.15371291,22580945.721414223,23376986.15386943,23523245.18099141,23575519.94940885,6330474.971317112,36.70895019038457
MSR,MSR,46813.1983197627,41375.06833277123,41152.38881939473,44211.873866721166,40103.10396888709,33654.7831043552,31839.96966759549,29228.92750855208,30556.67747335472,31573.43415768936,30202.251510580085,-16610.946809182613,-35.48346920396192
MTQ,MTQ,3170455.5334754367,3262730.928163463,3452625.080645713,3508463.133905304,3399134.5512355748,2925874.3076797896,3054450.3293501693,3266098.163029765,3364272.1178261256,3579317.327673276,3425294.432024255,254838.8985488182,8.037926911703604
MUS,MUS,7147325.3318770025,7492438.475878057,8058397.879279887,8207144.599738223,8324039.066789309,7140787.905817496,7342339.275330512,8009473.652982009,8527500.877565287,9002356.743347,8965184.679373134,1817859.3474961317,25.434120640745096
MWI,MWI,15190047.596137214,16086201.66752089,17270879.671518378,19100314.97294909,21128923.45869181,21962763.82320434,22561039.2562411,22392160.157672267,21622631.771692537,22063377.406460416,22278833.58161008,7088785.985472862,46.66730594889986
MYS,MYS,394901188.95198,395188880.2467669,405756941.0358502,410681876.5831482,419944646.2401882,398998847.2373697,397108910.8895389,418044297.41780174,423431445.39747584,436549860.11544025,436127757.5299812,41226568.5780012,10.439717511970912
MYT,MYT,598371.7300157308,602126.0507253556,615249.8592566034,614433.5986531292,620432.8162208907,596223.3959592042,656980.2437214451,706790.5299233078,671673.2206799857,676844.3513450355,671754.9319894444,73383.20197371359,12.263814998710648
NAM,NAM,17275554.186118003,18335007.116834585,17848655.77074735,17848547.779531337,17798220.82228962,16229836.167780656,16252755.60075298,18293965.62814396,19600280.4752684,18902623.0326308,18993250.85352949,1717696.6674114913,9.942932359251138
NCL,NCL,5058992.116973495,5618956.870179839,5735698.198119707,6259617.808523732,6182474.612780654,5986279.400146807,5540087.288583973,5675903.799339218,6320572.988488577,6202241.48152698,6166824.88357416,1107832.7666006647,21.89829003456557
NER,NER,45315041.347324185,46856585.73415749,48346620.6488128,50717362.106322974,54899271.89333467,57297991.73214837,59364596.4248002,63425657.00884596,62035605.68751659,66508254.33519631,68221580.30297545,22906538.95565126,50.5495267676808
NFK,NFK,11435.471304313493,11938.907449480675,14940.098590586776,18436.838458545302,12118.450877002617,10047.954403035408,13306.708951459152,13457.46936370322,15625.7351188856,16615.063955132257,14665.374613949729,3229.9033096362364,28.244601588199583
NGA,NGA,434567178.27914906,422896366.96328217,423607799.7588882,435958891.44850457,452072091.5059189,425903446.4295079,414198992.0378762,407514337.4548352,419717534.6953736,437010419.8857505,440745645.6404249,6178467.361275852,1.4217519569108013
NIC,NIC,20065540.63744183,20890145.5742651,20707062.805199243,20755897.998475023,20516566.94033527,20292904.27375212,21014621.46380528,21656486.29223231,22089220.730087724,22125972.45042243,22340625.773135167,2275085.135693338,11.33826980693499
NIU,NIU,15366.15325619914,17211.777593757764,17722.240335329665,16584.492160962385,20035.253152796253,13339.54586837083,12972.5095365467,14133.893662236318,20346.199571153516,20438.047899358484,22307.766888925333,6941.613632726194,45.17469998501903
NLD,NLD,242938668.90705124,246135353.6146746,243095085.52792236,242407997.03289884,232801760.90436748,211153613.38689253,223860470.5549091,212605850.1816298,199212961.98394537,204078523.276426,205362867.80071983,-37575801.10633138,-15.46719642261148
NOR,NOR,114864029.54243164,117271159.65724012,120180208.0728027,118768724.35137025,115907516.787214,114605552.38109411,116963773.7140005,118825530.4437291,119229608.37732476,121336650.73676103,115127816.77148116,263787.2290495187,0.2296517283089687
NPL,NPL,37355857.84753468,41903719.224334165,45881064.89349887,49009176.45230553,49639193.7903825,50674731.42070241,51085416.86352619,50487962.01773322,46931844.02404606,47163847.70941435,48177734.46339617,10821876.61586149,28.969691072361996
NRU,NRU,52696.20584447652,55280.80394312869,50674.79522237558,55040.51152178494,56462.27806789581,50715.04547493586,58356.178431553046,60028.02162621622,65359.99795649818,60274.86511356212,69530.88944306529,16834.683598588766,31.946671166940067
NZL,NZL,89969006.79222462,90643668.4069054,92753195.61219136,92685214.30705822,94307950.7655114,88449075.85689579,86928384.782559,84014765.72937566,85196139.20366985,86023131.02680118,86206676.806294,-3762329.9859306216,-4.181806735534368
OMN,OMN,151271973.3783949,155906296.45790997,154223015.95035642,159270474.00800675,160901585.48557046,157309747.54115862,164607916.94215524,174371604.12731192,176902365.63787436,182676510.8942355,183930420.85161367,32658447.47321877,21.58922551471332
PAK,PAK,451600596.2727506,481952314.37998265,517757851.2651198,521775894.6183994,544474016.4210801,569610620.9400091,580129225.6520866,594691974.3625761,605673735.1392324,604167458.1758674,616235371.0363815,164634774.76363087,36.45583644539684
PAN,PAN,23835142.30029062,24309875.62596478,23672568.590004414,24260684.36221407,28649512.637551848,25438162.98028804,27512909.23569906,29209281.13566292,30554798.22215664,27772647.604423422,29377920.7743836,5542778.474092975,23.25464813367358
PCN,PCN,661.4620479849141,672.4924379683199,683.3858783016203,698.9021479555604,701.2589497001516,631.2450296700135,683.2036864247667,2139.9989030038987,3896.834589253985,5800.375032235459,10048.409995169804,9386.947947184888,1419.1211688987144
PER,PER,112119843.2502166,117760908.1454352,115985117.48369634,118826937.64485952,121396211.55934437,110502718.14694734,117305744.81765316,124895035.48372492,126532837.08181228,128663634.16254568,130337765.2527122,18217922.0024956,16.248615298042175
PHL,PHL,170549382.46157867,188710417.26688024,199081926.12683964,209251377.13326097,218299584.81972063,210608965.54413316,229061020.00018948,241226862.45369896,251945638.8380448,255044244.67850232,258024809.5229494,87475427.06137073,51.2903804158172
PLW,PLW,669348.4798852048,661834.6432714238,688141.3139880496,718771.3738566162,738483.5567861994,714301.7311730239,715563.2232889947,772396.8788507979,771013.208371437,816531.7213450047,853442.9460789618,184094.46619375705,27.503530929857305
PNG,PNG,42544982.12198591,43667965.53235577,43927431.770528026,42834807.86749861,44516945.71139239,44279101.69314211,44124923.0840241,45090841.63334706,45095116.072101966,44843687.43445434,45585471.72332593,3040489.6013400257,7.146529272529172
POL,POL,429019760.9715031,436531103.2884915,450024256.7860774,449230253.7953666,424494472.6916391,410490151.604737,441608139.2006825,427177189.8812112,390278012.4767573,391238417.86085886,390644528.6159805,-38375232.35552257,-8.944863581253914
PRI,PRI,33931419.36164906,33094149.50847715,28282847.050652467,28842989.289963927,30175693.67646971,29208333.21818273,33517344.958988734,33615401.904903755,33509520.277783584,33081328.07099354,33066997.296381205,-864422.0652678534,-2.5475564580857624
PRK,PRK,113333128.08015303,119920315.50234012,151081757.1109595,131302087.2647676,138481875.3581219,123588719.3637403,102469345.85442343,115865082.0009414,122943908.6877147,118892460.03222153,118943754.08883716,5610626.0086841285,4.95056132635473
PRT,PRT,95060330.74204856,93917647.09822556,99524838.6314843,97141083.80094956,94018112.71028872,83151599.90572836,85260627.10691673,86645013.53036834,84865902.03665991,84871537.2834826,85877896.74207184,-9182433.999976724,-9.659585579282028
PRY,PRY,39370981.352998726,39123742.96750814,39642130.55071043,39356191.09200516,40021081.46530256,40166416.10505859,41868720.755939774,42043929.9268428,41525468.02601775,41541923.4640654,41730065.19016761,2359083.8371688877,5.991935573099972
PSE,PSE,4942904.34670943,4995475.269786875,5094658.584138931,5093475.238145022,5389964.835059849,5034857.249923084,5417695.009924427,5608705.559165408,5808124.362686014,6077244.973416263,6342750.43973492,1399846.0930254897,28.320315240520276
PYF,PYF,1840307.9594693875,1926816.924199267,1994017.15619993,2098035.316030073,2236122.5811900706,2124261.193290248,2131217.815851781,2480721.5026299413,2638772.0119388564,2778135.3930979576,2677713.836958961,837405.8774895736,45.50357309387616
QAT,QAT,230154794.24430227,229102700.72370788,232817398.0704952,235561189.3656588,236234766.82439417,232960050.15681943,239260287.6306324,244565325.05300456,249095378.23631623,251511785.48744735,245616081.3416025,15461287.097300231,6.717777549699247
REU,REU,5843284.91932856,5995730.265852908,6256782.819075354,6175595.31996814,6418857.610687238,6288815.275835334,6768093.40074832,6642470.988536815,6745301.285981185,6868627.677355257,6838946.283523412,995661.3641948514,17.039411528631412
ROU,ROU,145237016.18902093,143802407.84238416,152860387.95072663,152794342.4208407,154020552.4805031,142692405.6231811,132172866.86823802,126246703.0889672,121703566.5181403,117613823.01468796,118430913.78993715,-26806102.399083763,-18.45679779333703
RUS,RUS,2741004485.99425,2717123180.951598,2816935120.103512,2945990609.051505,2962244170.095903,2833623160.689889,3043034196.375614,3015652506.9987435,3056390160.17894,2990464500.222564,2976502796.200675,235498310.2064252,8.59167912383049
RWA,RWA,12282485.413201705,12006178.374448435,12194057.34395084,12455836.043420492,13026609.309295902,13062266.52983241,13209089.266432852,13419588.161738165,13769965.724680534,14149029.3351706,14273320.25550584,1990834.8423041347,16.2087295472324
SAU,SAU,963416311.181947,970555074.9838996,970782696.9760758,966855477.6514132,965064481.9161048,948416142.4750797,955216421.9931374,1021853148.7629614,1026599647.404855,1042877198.1183507,1059226710.4121132,95810399.23016608,9.94485957089756
SDN,SDN,142800471.08544996,147575543.7986626,148041623.12065935,149694648.68097553,149209795.78177083,145842745.97730333,146627387.7332608,142331703.65698567,143591224.76405793,142412339.8384021,144723981.62670717,1923510.5412572024,1.3469917337360873
SEN,SEN,32768380.81953444,35028380.01112892,34916201.18546803,36653645.418788485,38266138.66981682,38086615.17578842,38946935.07588721,40820884.4499265,43384539.37706396,44336692.96087602,45280156.53803429,12511775.718499854,38.1824655524057
SGP,SGP,98588817.82468684,99417247.53694238,107790772.23105164,107098298.50289676,110498976.70618124,98472201.85366726,103193439.79919134,107626701.7250212,110339926.13998948,115522988.58797568,114827446.72568524,16238628.900998428,16.471065643442824
SGS,SGS,24629.634355242382,32228.707428214304,27074.44311413044,21044.58604163686,32156.383602878643,53102.06573847227,32808.58274656793,62767.50885270232,82204.38059472214,125531.13803264956,82452.38676544,57822.752410197616,234.769024891716
SHN,SHN,42138.07059123635,34715.02953056352,43996.853395514656,43685.92947193936,51150.78188433925,49740.4427918459,57894.1147206242,66983.69326626864,50481.72227859709,61364.65942379147,46402.70471623629,4264.634124999939,10.120620296950364
SJM,SJM,209096.7408882782,223099.5785426618,228638.6140428304,327005.0045216297,238574.83776081985,164929.17360409955,285320.47054060345,480104.5305869127,527756.646407866,470883.00046956487,404071.86873057927,194975.12784230107,93.24637343174928
SLB,SLB,694415.1144602057,785629.9280010883,812667.9357138113,853486.1752743194,840373.8882455337,823813.693686514,720822.9610152936,846882.4382616819,825696.9202229095,843957.7574890127,815123.178042912,120708.06358270638,17.38269531712846
SLE,SLE,10384756.175907131,10858640.550596133,10988407.385444565,13018688.794347413,10041758.662651597,10498567.020084776,9016074.265834404,8911458.32227508,9017052.65609542,9111597.65381413,9201052.741666216,-1183703.4342409167,-11.398471126237276
SLV,SLV,13011382.37239487,12826106.957346495,12276436.653602883,12839478.776107209,13773235.85183606,12153749.986258794,13545986.760640323,14401124.936472476,14791872.456735505,14851445.074473169,14827042.138402907,1815659.766008038,13.954395574909606
SMR,SMR,76841.09576581385,77402.24791580354,77700.92711808148,79845.40273359124,77944.86528749498,73788.15376265794,76124.5688140356,71389.07242066754,69338.53116735915,68937.98884067306,67728.32626441357,-9112.769501400282,-11.85923939602967
SOM,SOM,36444244.60822421,36842963.82095425,36911436.82426419,37199462.37241405,38287375.19897752,38928013.31537067,38450559.58382389,39324056.68003173,39976707.04329028,40435148.97469872,40773960.876084425,4329716.267860211,11.880384171505488
SPM,SPM,87099.0871139471,87429.2596825905,91634.1533574654,109316.14709448809,117810.8520426536,103897.70842318684,118416.63186999256,143527.244013395,144518.0288354762,128670.78823462962,139588.19371744047,52489.106603493376,60.263670197627526
SRB,SRB,63072391.05978092,64060896.49993355,64125584.132301584,63430703.80854712,62147799.50462562,62022543.7147343,60547866.12418519,59833473.662289456,61544144.54996157,62712217.96471869,64093351.55071187,1020960.490930952,1.6187122031940588
SSD,SSD,49835384.77545553,49326923.199056365,49214972.05585671,52074114.44417352,54033789.63206287,54191870.5445017,53476039.74553481,54554775.83393114,55623797.9565387,54223541.16019012,55106090.63411892,5270705.858663395,10.57623189308508
STP,STP,240206.60611262065,249421.0779773992,252925.7665700857,252871.0975697717,278068.15649399994,281012.82341636025,287945.469429036,278756.5334018413,281671.980715666,284023.89753455034,285244.8484745159,45038.242361895245,18.74979339276752
SUR,SUR,6311553.836179616,6634825.210989537,5955053.905626495,5646614.7611449575,6364958.834390255,6103332.980090529,5919687.584122275,6162043.632020531,6461947.617702159,5958407.206715588,5972223.007137812,-339330.8290418042,-5.37634373166024
SVK,SVK,45906221.19926333,47607248.80800478,49587606.64931062,49860368.70804247,46529168.46974763,43833956.60074434,49599456.93597072,43878960.80497197,43873135.57705012,41571879.25515599,42551438.850452825,-3354782.3488105014,-7.307903506691455
SVN,SVN,17015835.912413374,18258976.932108294,18379977.79819085,18096105.901543397,17770859.63237582,16714449.373207426,17205004.44460744,16021778.152811153,15896637.658147154,16496813.292281484,15668245.454454076,-1347590.4579592962,-7.919625370718364
SWE,SWE,84217088.26548249,86728406.00738172,87746625.80323502,86441515.277194,85504768.38026494,82559344.04462789,84887520.8295097,85124589.2540107,83821938.45187548,83398220.7598707,83188427.69424158,-1028660.571240902,-1.2214392499515
SWZ,SWZ,3308196.9281394198,3262288.525229539,3215355.475783657,3193003.396071455,3395530.991430025,3237272.018330923,3327777.166857569,3571077.9724660907,3681963.007697729,3774599.44080085,3822466.0699421726,514269.1418027533,15.545300143059688
SXM,SXM,901936.3049469484,898970.8665793187,697895.3824816627,659283.7421502784,780391.163726197,627101.2823982376,793791.2877517304,794672.6260730298,767338.371854958,790234.1271222115,848759.2091735039,-53177.09577344451,-5.895881503137006
SYC,SYC,1051268.9148586604,1189335.635521542,1309169.1594869231,1404753.859137253,1507765.6278166932,1331946.839145206,1391151.8668281331,1545730.4047640364,1558184.3342839824,1562434.2355911373,1597092.3798797452,545823.4650210848,51.92044179242843
SYR,SYR,67294741.04880548,60633623.31718899,66078220.27050444,71738309.15835099,69687692.83596201,67117516.20263818,69732403.1763738,71242636.85247496,73009059.73455271,74939725.7911514,76187854.83967601,8893113.790870532,13.215169049273564
TCA,TCA,660007.8093743332,699610.2814658671,701074.7950068841,658289.2938817332,770239.562325653,432863.87117404863,463509.9740631189,694252.8636987865,680162.3011470645,750661.3423848763,775252.9834669774,115245.17409264413,17.461183406586194
TCD,TCD,86180390.45713827,90487495.90770017,96836505.7169067,102587672.55382968,109094271.834609,114198854.49507116,117964400.48853588,125986283.979901,133391605.80665769,136080495.33444655,136388547.7607913,50208157.30365303,58.259375523047794
TGO,TGO,8372077.942367755,9121109.38814812,9436698.703476906,9347896.421993377,10029784.27499158,10627043.18632386,10294592.004058404,10796800.635745028,10984105.415443936,11374570.03433024,11564740.39205059,3192662.4496828355,38.13464795312095
THA,THA,429306867.9587247,445041638.9440239,422728041.4111351,416316696.2904499,438578083.0312479,430148321.933117,465608321.4539889,482252931.6808444,489104325.62543,501965789.6118141,503472966.4787769,74166098.52005225,17.275777318145042
TJK,TJK,21310224.63390506,20319718.59055301,20884528.053538587,22980893.849304013,24195844.26792931,25442796.551302552,26531870.50743328,26742631.413000207,27364262.40681389,27483743.459973518,27517806.398735978,6207581.764830917,29.12959328900978
TKL,TKL,1991.8753137025672,2000.9844719104228,2066.816940211491,2203.022250433319,2460.899265055891,2658.1582537931995,3105.423741601766,3137.535010588497,2627.2588957811386,2671.666903323904,2809.7978524238583,817.9225387212912,41.062938683692416
TKM,TKM,241476925.3552858,236426099.519479,229300107.5360963,229250365.6270016,230252320.7160967,228948641.99732456,235099702.7338138,243160492.05591995,244666009.26745865,235464191.26449707,240154822.75350732,-1322102.6017784476,-0.547506806223093
TLS,TLS,7668575.34297791,7339079.169842819,6711099.330635893,6565204.182611441,6538772.07013396,6138638.817187416,6146131.913063279,4210583.226598026,2875857.235475636,2329023.156643147,2127802.667026138,-5540772.675951772,-72.25296001069404
TON,TON,324233.941867574,354614.7824023668,395969.7648049872,377498.6208624847,416899.19698411424,351258.08756556135,360049.0956629618,390053.3474804172,438698.815456642,443646.8044488735,446005.6810299833,121771.73916240931,37.55675252905639
TTO,TTO,60042057.73316061,54844739.27909111,56658593.72966659,56716286.59178531,56294337.26109235,51684276.87356898,47631658.262875736,48975691.13733012,46261800.87220249,45802850.20979121,43293476.38163929,-16748581.35152132,-27.894749087307268
TUN,TUN,54192999.32085536,53007824.26286522,54475741.548516095,54081722.59082426,54173584.33656152,52467489.62942378,55786501.93379273,56008749.64621562,55531360.29187481,54938807.1156138,55643719.1144272,1450719.7935718298,2.676950550351883
TUR,TUR,511617807.98580766,536777967.1454548,573795365.9191653,573151452.2668705,566014623.6578746,566736263.3667763,602784201.8887057,605366565.7886661,603764033.6581333,616337975.8454293,631248606.4122332,119630798.42642558,23.38284488129939
TUV,TUV,138696.39226336582,133169.07972888494,115203.52476134842,110695.88757110485,103749.74193249048,66612.29956309599,51358.66955120955,45259.64712439908,61972.34506590888,81176.52213162457,62214.63773235553,-76481.75453101029,-55.14329052321831
TWN,TWN,323421489.13019115,329751614.39873666,337673641.3454264,336149430.23785305,327016271.66329354,319685094.6440959,329781894.7140817,320862034.54490954,317521836.88352925,316575472.126072,303751213.1997698,-19670275.930421352,-6.0819322746062845
TZA,TZA,99841419.70365804,105001249.2993698,107321078.83636191,112991328.65463154,120196272.06270158,123208605.50599098,136607413.74476928,144067049.68810305,148376231.46651107,153180182.94632214,154332171.75984132,54490752.05618328,54.577300901688616
UGA,UGA,58001478.31424704,59468869.26435765,59895006.64279632,62105305.67108744,63286240.14017831,64297770.933172666,65899852.36810229,66589616.0769808,68155364.94257319,70090165.38950421,70674435.19008276,12672956.875835724,21.8493687474218
UKR,UKR,394294927.9855748,403873658.917088,388740020.5433827,398422144.5686088,389155152.7717092,379201047.8558993,374627093.8353828,296718995.30969024,276770395.1184486,273515538.4000488,271188887.1731654,-123106040.8124094,-31.22181698896041
UMI,UMI,3236.71018538615,3268.423182391457,3299.032144985876,3343.255032948888,3329.457554195857,3352.0534682143343,3697.1547614559,2757.3765367567294,2810.1551280699096,2813.300385301993,2880.6903197891424,-356.01986559700754,-10.999436007723167
UNK,UNK,0.0,234929744.1640468,253189043.3250348,267197228.0875183,269193847.7960345,272186433.34903014,253777199.9282535,203732976.2054124,173657103.07571238,182665661.5562752,200773923.1581777,200773923.1581777,
URY,URY,37193439.947770335,37323688.84888206,36693528.13077704,36491465.57906409,36795284.90854288,36561843.59918488,42273434.15285248,42436876.873358406,39957855.90587796,39913151.27425831,40003358.312283576,2809918.3645132408,7.554876258983109
USA,USA,6962718117.74729,6853396404.51936,6806021199.887638,7052309225.80425,6958393352.896213,6398239067.660634,6772105309.507623,6911308568.791216,6842613746.19562,6917411001.262154,6958966262.668473,-3751855.078816414,-0.053884919874227
UZB,UZB,198226431.200171,209503037.37254184,213832725.4679557,211547053.10186312,218980814.1121997,227627658.2637233,230534316.04747817,238939278.16313577,241940417.1358001,245520132.7350608,248700565.1151356,50474133.91496459,25.462867695981124
VAT,VAT,14873.11917330193,14735.125835350727,14776.300351694816,15368.770405484069,14918.86152961295,14417.312539572667,14003.143753472685,12444.364735421652,11643.702059218818,11568.796259847702,11474.654123941418,-3398.465049360512,-22.84971302765424
VCT,VCT,303620.3139380896,343325.1167024142,374985.5340690507,447484.6345536707,464576.0039482602,436237.0141984008,420733.27529070666,480365.65342695615,468939.5491999735,504397.2295918356,531774.8359421241,228154.52200403452,75.14468285891995
VEN,VEN,600730223.4961599,564451969.5222906,511786878.5805049,410071837.7937873,308076496.7953021,216769600.42487705,227220859.22744232,246387660.43826345,263921030.8856688,264329844.27574196,269416605.94775367,-331313617.54840624,-55.15181434025587
VGB,VGB,415442.3034230741,541718.7574348303,409328.51901410206,328605.7285457419,425049.306723877,306227.1091092868,332195.9247833665,410214.68383953336,499421.3307349274,602430.7247278999,641877.6789569561,226435.3755338821,54.50465050577361
VIR,VIR,1120059.7477949923,1175661.0103740578,1147816.8860772245,1138892.2391283708,1312486.383742884,1002689.610246781,1274405.8315088267,1274971.215861553,1388497.4133788268,1396793.0356651824,1307128.327739959,187068.5799449666,16.701660809902286
VNM,VNM,352064855.3172327,382880595.8877552,385596633.8056237,423430146.06840986,474723624.0402932,474334893.02823806,472287042.5397366,467047260.3482964,495647110.298913,523741292.83878976,535848085.8269631,183783230.50973037,52.201527001077686
VUT,VUT,496301.19684500096,538519.0391040992,565095.9073758818,627220.0037331793,596747.614451484,522458.1770574504,491579.1065683154,548581.8080245871,673260.0872955034,710010.8898976439,678362.7263743326,182061.5295293316,36.68367730859834
WLF,WLF,38186.94461636063,38766.43258299237,41269.333441528666,41181.475016596094,40899.69373220429,38187.6401955043,41476.3445283451,42782.0067611513,43069.16436370799,43339.45310208277,40816.80995662029,2629.865340259661,6.886817907743619
WSM,WSM,486489.7024651731,522956.9994372621,509199.6834978603,517742.56614630925,560614.3158496087,509139.42311302986,502679.7186665088,527207.1387626035,612439.5964459379,626245.866966312,610447.3463114202,123957.64384624713,25.480013907410715
XKX,XKX,10258673.569043998,10776730.92287983,11220773.512275692,10956803.789628576,11299572.725799548,11446024.016117103,11577646.54323152,11726102.300613144,10888330.34734768,11612908.100293929,10380441.200091382,121767.6310473848,1.186972469957754
YEM,YEM,43709103.41326533,38694903.433295846,40072781.82352957,43376788.92801845,45437904.21741436,43352865.92316547,45504187.15225661,45999255.3433528,46968880.78006144,47959704.70673921,47908130.49224909,4199027.078983761,9.60675637585692
ZAF,ZAF,627603845.5290575,620096853.8888603,651795553.0426096,644666570.6006464,645897874.7677147,609430359.0463285,609049041.2769818,596019610.9773986,593223142.9828976,608925976.0022123,612058864.3129096,-15544981.2161479,-2.4768779424931333
ZMB,ZMB,42038931.12541908,42701486.48605202,44625347.62469642,46218343.947447285,46399589.00483247,49513446.85444537,50587968.06026998,53777006.35081559,54911056.37122888,54883155.71407376,54419551.22869298,12380620.103273898,29.45036843667009
ZNC,ZNC,0.0,0.0,0.0,0.0,0.0,0.0,2776261.05095173,2877230.768384417,2908835.971141439,2970233.803309477,3000944.6344348597,3000944.6344348597,
ZWE,ZWE,41151678.18352006,37049220.06663783,37403038.693896346,42199744.28992451,39738801.08890055,34891073.2040883,36695104.00994602,37753438.51529042,39701982.11749136,43473966.58207738,44047309.658610456,2895631.4750903994,7.036484544268252
