iso3_country,country_name,year,emissions
ABW,ABW,2015,1590824.2719488854
ABW,ABW,2016,1659905.8229494607
ABW,ABW,2017,1735166.0648256913
ABW,ABW,2018,1656429.768288938
ABW,ABW,2019,1637213.865912787
ABW,ABW,2020,1358050.6768175422
ABW,ABW,2021,1636632.3476159284
ABW,ABW,2022,1678291.2524982763
ABW,ABW,2023,1622670.2238175157
ABW,ABW,2024,1727924.6350733447
ABW,ABW,2025,1716353.9491282736
AFG,AFG,2015,42534868.18453234
AFG,AFG,2016,39420919.85645408
AFG,AFG,2017,40260215.722448684
AFG,AFG,2018,44593962.44080597
AFG,AFG,2019,43786153.13574851
AFG,AFG,2020,44330116.56225362
AFG,AFG,2021,44052841.597770415
AFG,AFG,2022,44380848.33440656
AFG,AFG,2023,45798312.15724445
AFG,AFG,2024,47130011.89270508
AFG,AFG,2025,47774753.0662068
AGO,AGO,2015,109433190.1277956
AGO,AGO,2016,108759962.30921264
AGO,AGO,2017,104636852.75030604
AGO,AGO,2018,101598931.66231628
AGO,AGO,2019,102025912.40896054
AGO,AGO,2020,90036192.02241038
AGO,AGO,2021,92420675.56162488
AGO,AGO,2022,95665642.7456263
AGO,AGO,2023,96640200.28140724
AGO,AGO,2024,94589061.51796822
AGO,AGO,2025,93369995.7096732
AIA,AIA,2015,148716.1257016271
AIA,AIA,2016,157637.20446104908
AIA,AIA,2017,157655.54904328095
AIA,AIA,2018,149075.21156383655
AIA,AIA,2019,155561.1229328748
AIA,AIA,2020,144849.8534382798
AIA,AIA,2021,143828.88362319078
AIA,AIA,2022,148281.84066573787
AIA,AIA,2023,175681.56919006986
AIA,AIA,2024,166587.99435104674
AIA,AIA,2025,164915.61431622892
ALA,ALA,2015,329659.3172573522
ALA,ALA,2016,358232.35819456296
ALA,ALA,2017,383103.428594648
ALA,ALA,2018,393897.119893784
ALA,ALA,2019,405305.48245612025
ALA,ALA,2020,415983.2308265207
ALA,ALA,2021,476237.8212701599
ALA,ALA,2022,459653.3614380162
ALA,ALA,2023,354515.38125268306
ALA,ALA,2024,392939.1321267058
ALA,ALA,2025,431071.5643641669
ALB,ALB,2015,12136243.627436072
ALB,ALB,2016,11661376.641968742
ALB,ALB,2017,11938723.99411914
ALB,ALB,2018,11801569.686468778
ALB,ALB,2019,12048401.200083388
ALB,ALB,2020,10579831.932221832
ALB,ALB,2021,10923003.551847408
ALB,ALB,2022,11010748.03511302
ALB,ALB,2023,10923190.776906032
ALB,ALB,2024,10996467.549318371
ALB,ALB,2025,11111707.268896371
AND,AND,2015,228208.6902705972
AND,AND,2016,228968.66514913773
AND,AND,2017,234806.92779514584
AND,AND,2018,242638.1039872841
AND,AND,2019,241143.4271319229
AND,AND,2020,236880.9316169775
AND,AND,2021,242876.3236030711
AND,AND,2022,239582.80185576665
AND,AND,2023,239406.80589479185
AND,AND,2024,241539.2081971358
AND,AND,2025,244392.25139658336
ARE,ARE,2015,399343583.1777664
ARE,ARE,2016,413102188.7220494
ARE,ARE,2017,402685563.4087296
ARE,ARE,2018,388753220.9273661
ARE,ARE,2019,407843381.995292
ARE,ARE,2020,381067131.76557887
ARE,ARE,2021,403336766.0068238
ARE,ARE,2022,427928081.944479
ARE,ARE,2023,432489941.48797387
ARE,ARE,2024,438782996.7990248
ARE,ARE,2025,437054861.9198544
ARG,ARG,2015,424606949.2270078
ARG,ARG,2016,422491619.90748215
ARG,ARG,2017,433039390.93899584
ARG,ARG,2018,432653272.1910192
ARG,ARG,2019,432192754.1965676
ARG,ARG,2020,409767221.8910889
ARG,ARG,2021,443567998.8835108
ARG,ARG,2022,454553446.6252407
ARG,ARG,2023,445730857.3935676
ARG,ARG,2024,455662645.63387966
ARG,ARG,2025,463406268.9835172
ARM,ARM,2015,10666414.518704256
ARM,ARM,2016,10351120.498606622
ARM,ARM,2017,10645765.36633321
ARM,ARM,2018,10738684.14945264
ARM,ARM,2019,11504130.897439187
ARM,ARM,2020,12548834.33315338
ARM,ARM,2021,13321612.037402986
ARM,ARM,2022,13510530.597488968
ARM,ARM,2023,14042668.960985512
ARM,ARM,2024,13228225.502181754
ARM,ARM,2025,13327155.697715688
ASM,ASM,2015,312698.1061189769
ASM,ASM,2016,321947.21276666125
ASM,ASM,2017,351341.5537121482
ASM,ASM,2018,357924.8777768142
ASM,ASM,2019,341055.6370501196
ASM,ASM,2020,324027.8726351302
ASM,ASM,2021,330192.0097380949
ASM,ASM,2022,335518.13684808183
ASM,ASM,2023,378537.35652828834
ASM,ASM,2024,351383.1725563047
ASM,ASM,2025,334195.2730466714
ATA,ATA,2015,74525.87735029866
ATA,ATA,2016,95109.9373283977
ATA,ATA,2017,123026.93688257094
ATA,ATA,2018,135245.43040826212
ATA,ATA,2019,159011.84972017628
ATA,ATA,2020,122993.84808240272
ATA,ATA,2021,122495.49801943706
ATA,ATA,2022,287354.7794538125
ATA,ATA,2023,466430.1514179834
ATA,ATA,2024,548183.3799631041
ATA,ATA,2025,615648.3053032754
ATF,ATF,2015,798.9444868704187
ATF,ATF,2016,811.9762953511188
ATF,ATF,2017,824.4379274889782
ATF,ATF,2018,842.4485982043594
ATF,ATF,2019,845.1810606966541
ATF,ATF,2020,763.9939412966044
ATF,ATF,2021,962.96918678402
ATF,ATF,2022,690.812260693838
ATF,ATF,2023,624.4718502640924
ATF,ATF,2024,629.6602774296989
ATF,ATF,2025,703.8446364363974
ATG,ATG,2015,899555.5782360183
ATG,ATG,2016,948480.7439945182
ATG,ATG,2017,1050707.2446318169
ATG,ATG,2018,1031555.882367189
ATG,ATG,2019,1084587.3487338957
ATG,ATG,2020,850609.9332449724
ATG,ATG,2021,885626.1563601957
ATG,ATG,2022,1045195.373945474
ATG,ATG,2023,1032668.5242468942
ATG,ATG,2024,1083723.1574723
ATG,ATG,2025,1043826.7588595996
AUS,AUS,2015,753852739.2887143
AUS,AUS,2016,774549701.1492918
AUS,AUS,2017,797611023.7558202
AUS,AUS,2018,809147146.7496042
AUS,AUS,2019,820290854.1847614
AUS,AUS,2020,790004427.6187133
AUS,AUS,2021,790616219.897708
AUS,AUS,2022,791163907.4095097
AUS,AUS,2023,803994818.9036922
AUS,AUS,2024,800550618.5228341
AUS,AUS,2025,789368731.4671799
AUT,AUT,2015,86241032.60563555
AUT,AUT,2016,85835805.59911355
AUT,AUT,2017,89548565.47366074
AUT,AUT,2018,84234500.93184407
AUT,AUT,2019,86646218.55667059
AUT,AUT,2020,78960023.2889976
AUT,AUT,2021,83584615.2312213
AUT,AUT,2022,80961084.84802824
AUT,AUT,2023,77419650.32882065
AUT,AUT,2024,78352601.73010951
AUT,AUT,2025,80530835.21993318
AZE,AZE,2015,76325186.63563357
AZE,AZE,2016,75604482.93157303
AZE,AZE,2017,76465020.71631208
AZE,AZE,2018,79394861.74527301
AZE,AZE,2019,83856340.196444
AZE,AZE,2020,81634874.06063499
AZE,AZE,2021,88206898.8709809
AZE,AZE,2022,89924350.56944908
AZE,AZE,2023,90884481.78803034
AZE,AZE,2024,91246568.859923
AZE,AZE,2025,91958686.53398204
BDI,BDI,2015,9644874.023095671
BDI,BDI,2016,10066317.1144611
BDI,BDI,2017,10944269.344863173
BDI,BDI,2018,11534360.40835524
BDI,BDI,2019,11909625.8641795
BDI,BDI,2020,11504330.545692584
BDI,BDI,2021,12266976.365659423
BDI,BDI,2022,12502965.51177484
BDI,BDI,2023,12548623.53911339
BDI,BDI,2024,12715386.490117054
BDI,BDI,2025,12794025.009466637
BEL,BEL,2015,140318178.27060428
BEL,BEL,2016,139958680.57410926
BEL,BEL,2017,139548287.02310583
BEL,BEL,2018,140751415.72104967
BEL,BEL,2019,140697400.1327631
BEL,BEL,2020,131198215.92550604
BEL,BEL,2021,137095677.56860343
BEL,BEL,2022,131684065.72577962
BEL,BEL,2023,123964273.20496008
BEL,BEL,2024,126965680.61210212
BEL,BEL,2025,128238101.51395053
BEN,BEN,2015,15569903.885484343
BEN,BEN,2016,17103619.436889857
BEN,BEN,2017,17492897.878350697
BEN,BEN,2018,19686838.721834663
BEN,BEN,2019,19532050.187093318
BEN,BEN,2020,19737603.156144768
BEN,BEN,2021,18051484.375712022
BEN,BEN,2022,18615286.6545161
BEN,BEN,2023,19254429.770716947
BEN,BEN,2024,18955391.102210466
BEN,BEN,2025,19269527.976804774
BES,BES,2015,1755879.555764705
BES,BES,2016,1795563.813834415
BES,BES,2017,1803632.9816592303
BES,BES,2018,1171350.305479106
BES,BES,2019,1177730.458966956
BES,BES,2020,1051740.8613839922
BES,BES,2021,1092043.8141212529
BES,BES,2022,1208575.7706661262
BES,BES,2023,1136473.277842851
BES,BES,2024,1154927.4249818528
BES,BES,2025,1099666.2922171932
BFA,BFA,2015,36286042.29315829
BFA,BFA,2016,37229576.58221434
BFA,BFA,2017,38469949.43749705
BFA,BFA,2018,40464431.48793023
BFA,BFA,2019,41570922.04647304
BFA,BFA,2020,35986884.627423376
BFA,BFA,2021,40049180.88622864
BFA,BFA,2022,41101516.344722666
BFA,BFA,2023,41962176.00589459
BFA,BFA,2024,41358479.33186673
BFA,BFA,2025,41720129.23699029
BGD,BGD,2015,286458380.70930016
BGD,BGD,2016,293340394.2252547
BGD,BGD,2017,295369270.15934855
BGD,BGD,2018,305932480.7827982
BGD,BGD,2019,307423977.04550165
BGD,BGD,2020,302289625.8433768
BGD,BGD,2021,316387100.6183435
BGD,BGD,2022,316817688.63344955
BGD,BGD,2023,316416833.33154786
BGD,BGD,2024,325959080.55661654
BGD,BGD,2025,329452748.5470354
BGR,BGR,2015,65085785.04827086
BGR,BGR,2016,62210859.72148717
BGR,BGR,2017,65123765.49131067
BGR,BGR,2018,63091619.49897288
BGR,BGR,2019,61704515.697128266
BGR,BGR,2020,56243325.37521773
BGR,BGR,2021,62023563.26177779
BGR,BGR,2022,65106792.38253015
BGR,BGR,2023,54685277.28716135
BGR,BGR,2024,51173952.19044794
BGR,BGR,2025,51550375.762182586
BHR,BHR,2015,63870685.949653134
BHR,BHR,2016,65026958.86893017
BHR,BHR,2017,65494060.26642028
BHR,BHR,2018,66022650.024115935
BHR,BHR,2019,69957631.4369658
BHR,BHR,2020,69374835.9912259
BHR,BHR,2021,72515143.5484714
BHR,BHR,2022,74769594.1857533
BHR,BHR,2023,74717146.8137985
BHR,BHR,2024,74731874.1694534
BHR,BHR,2025,75956371.1732279
BHS,BHS,2015,4750771.396352633
BHS,BHS,2016,5082771.254429299
BHS,BHS,2017,5356076.100852676
BHS,BHS,2018,5883427.549966917
BHS,BHS,2019,6473666.428395053
BHS,BHS,2020,5931586.79917215
BHS,BHS,2021,6201446.503660871
BHS,BHS,2022,6896193.922300068
BHS,BHS,2023,7013364.931389616
BHS,BHS,2024,7618037.6497620605
BHS,BHS,2025,7644733.845611288
BIH,BIH,2015,30725457.18216398
BIH,BIH,2016,34216117.78669906
BIH,BIH,2017,34837410.48133056
BIH,BIH,2018,35029007.74414118
BIH,BIH,2019,33398880.028186776
BIH,BIH,2020,34010064.45855314
BIH,BIH,2021,34066613.10163929
BIH,BIH,2022,34646258.371792465
BIH,BIH,2023,34284591.729266725
BIH,BIH,2024,34054218.36611222
BIH,BIH,2025,32652740.345567614
BLM,BLM,2015,94118.74203598654
BLM,BLM,2016,113861.07092670564
BLM,BLM,2017,111674.8081799603
BLM,BLM,2018,94983.06692961587
BLM,BLM,2019,125980.04597653994
BLM,BLM,2020,129795.97678187724
BLM,BLM,2021,120183.15697627015
BLM,BLM,2022,145119.2011726119
BLM,BLM,2023,160014.24364777352
BLM,BLM,2024,132026.64230976027
BLM,BLM,2025,139079.0898932672
BLR,BLR,2015,137995203.5289274
BLR,BLR,2016,136824988.89222553
BLR,BLR,2017,138037854.867029
BLR,BLR,2018,141377497.8271904
BLR,BLR,2019,138906097.67432132
BLR,BLR,2020,135217822.0527196
BLR,BLR,2021,135368627.33755884
BLR,BLR,2022,132579846.42887732
BLR,BLR,2023,130577529.7027066
BLR,BLR,2024,131095726.16868164
BLR,BLR,2025,130243893.50311863
BLZ,BLZ,2015,1677452.8356415788
BLZ,BLZ,2016,1737332.1123039173
BLZ,BLZ,2017,1819613.0190689329
BLZ,BLZ,2018,1762811.9646810936
BLZ,BLZ,2019,1887363.9956539224
BLZ,BLZ,2020,1756565.3984855397
BLZ,BLZ,2021,1785072.5055410108
BLZ,BLZ,2022,1854996.8888700795
BLZ,BLZ,2023,2191645.1770864083
BLZ,BLZ,2024,2272941.1458877623
BLZ,BLZ,2025,2320478.096147049
BMU,BMU,2015,1052887.6338346044
BMU,BMU,2016,1097851.658710951
BMU,BMU,2017,1187427.7175764176
BMU,BMU,2018,1144394.6822883412
BMU,BMU,2019,1197436.5520432768
BMU,BMU,2020,811820.1730514284
BMU,BMU,2021,856728.4913169993
BMU,BMU,2022,1075543.339242041
BMU,BMU,2023,1084704.1270955524
BMU,BMU,2024,1132752.0405095078
BMU,BMU,2025,1088596.158113879
BOL,BOL,2015,70003808.61183295
BOL,BOL,2016,72140849.26774934
BOL,BOL,2017,73496708.73881006
BOL,BOL,2018,74258223.54534915
BOL,BOL,2019,73873667.11781004
BOL,BOL,2020,68627386.69971675
BOL,BOL,2021,80070145.99273212
BOL,BOL,2022,80876479.44283068
BOL,BOL,2023,81544844.81290177
BOL,BOL,2024,82401185.04665065
BOL,BOL,2025,82161150.6164844
BRA,BRA,2015,1292530712.2603526
BRA,BRA,2016,1255535408.3228595
BRA,BRA,2017,1273849731.1174026
BRA,BRA,2018,1260487314.0608263
BRA,BRA,2019,1273440974.9771154
BRA,BRA,2020,1269759876.5448492
BRA,BRA,2021,1354940589.5371137
BRA,BRA,2022,1341639822.7958713
BRA,BRA,2023,1350652665.6295595
BRA,BRA,2024,1354907812.8045518
BRA,BRA,2025,1367986488.607181
BRB,BRB,2015,2225588.6196925333
BRB,BRB,2016,2317504.413794653
BRB,BRB,2017,2335295.069015522
BRB,BRB,2018,2437205.8395304773
BRB,BRB,2019,2523048.7897429257
BRB,BRB,2020,2453772.814047405
BRB,BRB,2021,2222913.48816584
BRB,BRB,2022,2439663.630837996
BRB,BRB,2023,2448855.006933631
BRB,BRB,2024,2504379.608579057
BRB,BRB,2025,2477824.181659105
BRN,BRN,2015,14766448.495312303
BRN,BRN,2016,14615924.706068449
BRN,BRN,2017,14734846.162045412
BRN,BRN,2018,14995678.61209607
BRN,BRN,2019,15806903.635394532
BRN,BRN,2020,17503247.25039013
BRN,BRN,2021,17218455.58688924
BRN,BRN,2022,15727006.246198326
BRN,BRN,2023,15830774.80268984
BRN,BRN,2024,16315280.639482835
BRN,BRN,2025,16341595.154061971
BTN,BTN,2015,3456044.918390694
BTN,BTN,2016,3721598.311223924
BTN,BTN,2017,3763058.057032249
BTN,BTN,2018,4028017.327283867
BTN,BTN,2019,4413821.158781631
BTN,BTN,2020,4052112.095778814
BTN,BTN,2021,3887885.919917975
BTN,BTN,2022,3754215.888628904
BTN,BTN,2023,3651070.498478472
BTN,BTN,2024,3789608.193367892
BTN,BTN,2025,3852158.477896332
BVT,BVT,2015,0.0
BVT,BVT,2016,0.0
BVT,BVT,2017,0.0
BVT,BVT,2018,0.0
BVT,BVT,2019,0.0
BVT,BVT,2020,0.0
BVT,BVT,2021,0.0
BVT,BVT,2022,0.0
BVT,BVT,2023,0.0
BVT,BVT,2024,0.0
BVT,BVT,2025,0.0
BWA,BWA,2015,19537347.939776976
BWA,BWA,2016,18432384.282620173
BWA,BWA,2017,18539075.21356364
BWA,BWA,2018,19822177.29658844
BWA,BWA,2019,18260071.34904343
BWA,BWA,2020,16390851.409105027
BWA,BWA,2021,17304083.825846337
BWA,BWA,2022,18019862.76871899
BWA,BWA,2023,17780121.53296072
BWA,BWA,2024,17500838.633342538
BWA,BWA,2025,17342519.82002208
CAF,CAF,2015,13115483.810161466
CAF,CAF,2016,13560235.741780896
CAF,CAF,2017,13464006.844814137
CAF,CAF,2018,13839548.88832718
CAF,CAF,2019,14365987.51368548
CAF,CAF,2020,14338169.118720911
CAF,CAF,2021,14578830.529134529
CAF,CAF,2022,14928909.109376673
CAF,CAF,2023,15424763.91353625
CAF,CAF,2024,15334474.331990128
CAF,CAF,2025,15350342.465201968
CAN,CAN,2015,883321376.26099
CAN,CAN,2016,880601711.5370444
CAN,CAN,2017,901168818.5108752
CAN,CAN,2018,925819192.7798628
CAN,CAN,2019,924069178.8164212
CAN,CAN,2020,857506656.1801119
CAN,CAN,2021,886810912.2870386
CAN,CAN,2022,915391426.527406
CAN,CAN,2023,928392008.6901312
CAN,CAN,2024,936228249.1343164
CAN,CAN,2025,934156698.9840608
CCK,CCK,2015,4864.358790126439
CCK,CCK,2016,5104.7956760633815
CCK,CCK,2017,5110.743959279978
CCK,CCK,2018,4999.312551656703
CCK,CCK,2019,5031.341739651149
CCK,CCK,2020,4899.152189282298
CCK,CCK,2021,5313.648412443407
CCK,CCK,2022,4575.516132060132
CCK,CCK,2023,4288.9465219675085
CCK,CCK,2024,4412.03987020708
CCK,CCK,2025,5081.664937817368
CHE,CHE,2015,48794770.355700806
CHE,CHE,2016,50030080.48667424
CHE,CHE,2017,49457803.73441112
CHE,CHE,2018,48318228.090771824
CHE,CHE,2019,48153540.24411322
CHE,CHE,2020,42562048.80999191
CHE,CHE,2021,44230679.87613256
CHE,CHE,2022,43530899.49253307
CHE,CHE,2023,43714440.84946594
CHE,CHE,2024,44048962.77303712
CHE,CHE,2025,44533106.52252848
CHL,CHL,2015,122591514.89091304
CHL,CHL,2016,127257071.3334858
CHL,CHL,2017,128656170.98604377
CHL,CHL,2018,133364975.35699192
CHL,CHL,2019,138239965.37585875
CHL,CHL,2020,128921593.1921558
CHL,CHL,2021,135213422.19074604
CHL,CHL,2022,136419406.0161968
CHL,CHL,2023,129358212.70835076
CHL,CHL,2024,127839321.90221474
CHL,CHL,2025,124503647.43439344
CHN,CHN,2015,13999522685.976353
CHN,CHN,2016,14150599414.35231
CHN,CHN,2017,14496319324.18797
CHN,CHN,2018,14940081077.713928
CHN,CHN,2019,15349573726.20533
CHN,CHN,2020,15707210920.622612
CHN,CHN,2021,16416686066.585648
CHN,CHN,2022,16605212746.699286
CHN,CHN,2023,17360294323.349625
CHN,CHN,2024,17519937428.87007
CHN,CHN,2025,17518235252.209835
CIV,CIV,2015,33196496.383378804
CIV,CIV,2016,35048525.34882574
CIV,CIV,2017,36026809.49144525
CIV,CIV,2018,36595422.71542875
CIV,CIV,2019,38026625.02192928
CIV,CIV,2020,37596843.925366215
CIV,CIV,2021,39143106.96177643
CIV,CIV,2022,40030556.384755015
CIV,CIV,2023,41107775.97068189
CIV,CIV,2024,42214594.682321504
CIV,CIV,2025,43931332.934595264
CMR,CMR,2015,55001351.01332835
CMR,CMR,2016,55757510.96533087
CMR,CMR,2017,53732295.97467759
CMR,CMR,2018,55203128.11125313
CMR,CMR,2019,56239239.591542
CMR,CMR,2020,57951332.55256193
CMR,CMR,2021,57960487.310487404
CMR,CMR,2022,58718562.15790204
CMR,CMR,2023,59739101.50274977
CMR,CMR,2024,60551320.97917366
CMR,CMR,2025,60422668.8423386
COD,COD,2015,47953341.64609596
COD,COD,2016,43905736.08338673
COD,COD,2017,47420814.05252575
COD,COD,2018,47727807.54961236
COD,COD,2019,49786815.8101099
COD,COD,2020,56800758.73333135
COD,COD,2021,59731125.55557988
COD,COD,2022,63124026.69993053
COD,COD,2023,65521050.22117545
COD,COD,2024,67213527.86427383
COD,COD,2025,67859028.27829756
COG,COG,2015,28609287.09958465
COG,COG,2016,27801836.50485829
COG,COG,2017,29982530.29851733
COG,COG,2018,33319466.97904789
COG,COG,2019,34300303.073938504
COG,COG,2020,32007158.744653497
COG,COG,2021,30505919.06938757
COG,COG,2022,31545215.627682667
COG,COG,2023,32625413.355653983
COG,COG,2024,33703784.61084601
COG,COG,2025,35188327.928956024
COK,COK,2015,155775.66309242492
COK,COK,2016,173663.7648501253
COK,COK,2017,175643.43097466498
COK,COK,2018,188698.33318465357
COK,COK,2019,198830.30876903076
COK,COK,2020,131374.80346027375
COK,COK,2021,134623.91585219614
COK,COK,2022,156452.62142170206
COK,COK,2023,175665.0623982878
COK,COK,2024,190293.57467946893
COK,COK,2025,198200.49511611785
COL,COL,2015,233574383.6481122
COL,COL,2016,233410751.960825
COL,COL,2017,225746761.0518011
COL,COL,2018,236014938.24178547
COL,COL,2019,242957138.49392527
COL,COL,2020,231984805.178613
COL,COL,2021,238410096.57343733
COL,COL,2022,243082155.34700665
COL,COL,2023,250026380.8702108
COL,COL,2024,256571023.20830676
COL,COL,2025,255137547.74988335
COM,COM,2015,636213.8595251924
COM,COM,2016,672129.2903817944
COM,COM,2017,749863.244441052
COM,COM,2018,765377.2113902459
COM,COM,2019,847326.7920990528
COM,COM,2020,860842.3515222501
COM,COM,2021,820095.5481158893
COM,COM,2022,854036.08547574
COM,COM,2023,853077.9575716092
COM,COM,2024,881625.5246035672
COM,COM,2025,881815.2232446062
CPV,CPV,2015,1188115.3473729794
CPV,CPV,2016,1335056.1413264244
CPV,CPV,2017,1370466.5600269253
CPV,CPV,2018,1454259.4379784258
CPV,CPV,2019,1627040.0382545225
CPV,CPV,2020,1359087.233397561
CPV,CPV,2021,1386065.979221107
CPV,CPV,2022,1603694.970398655
CPV,CPV,2023,1622562.9756227336
CPV,CPV,2024,1823654.0981192295
CPV,CPV,2025,1863486.7509498096
CRI,CRI,2015,18574753.472182456
CRI,CRI,2016,18884292.09305201
CRI,CRI,2017,18958229.898896743
CRI,CRI,2018,19430199.621021792
CRI,CRI,2019,20501527.71053926
CRI,CRI,2020,18317187.483917084
CRI,CRI,2021,20151204.12163548
CRI,CRI,2022,19762817.50877582
CRI,CRI,2023,20437255.310250185
CRI,CRI,2024,21166189.08257635
CRI,CRI,2025,21050590.26623819
CUB,CUB,2015,60921784.53965113
CUB,CUB,2016,58631142.44247583
CUB,CUB,2017,58409062.57705282
CUB,CUB,2018,58263052.37990278
CUB,CUB,2019,53929276.112351686
CUB,CUB,2020,48584045.68081025
CUB,CUB,2021,47395363.05579837
CUB,CUB,2022,46026161.50279251
CUB,CUB,2023,46521582.0215864
CUB,CUB,2024,46675366.835949466
CUB,CUB,2025,45983589.845006734
CUW,CUW,2015,4143175.9734048992
CUW,CUW,2016,4057259.175132572
CUW,CUW,2017,3440918.421831518
CUW,CUW,2018,3037238.6138336994
CUW,CUW,2019,2713280.7309878776
CUW,CUW,2020,2596105.4153468544
CUW,CUW,2021,2550604.817434096
CUW,CUW,2022,2651527.790609256
CUW,CUW,2023,2682886.912206621
CUW,CUW,2024,2855472.8337836256
CUW,CUW,2025,2818494.379505273
CXR,CXR,2015,9527.829148964298
CXR,CXR,2016,8995.380072932148
CXR,CXR,2017,9161.843091793457
CXR,CXR,2018,9490.834202565033
CXR,CXR,2019,9461.763988854014
CXR,CXR,2020,8673.947862862258
CXR,CXR,2021,23066.924915834225
CXR,CXR,2022,32915.44567805331
CXR,CXR,2023,30287.37367509288
CXR,CXR,2024,26594.57783474889
CXR,CXR,2025,27778.9097133057
CYM,CYM,2015,1037214.7010330372
CYM,CYM,2016,1093033.677640172
CYM,CYM,2017,1043244.4337758104
CYM,CYM,2018,1078290.49185399
CYM,CYM,2019,1158602.645600726
CYM,CYM,2020,894577.4973278238
CYM,CYM,2021,827298.7019860108
CYM,CYM,2022,983894.2629762732
CYM,CYM,2023,1072868.6219425283
CYM,CYM,2024,1115014.9647131748
CYM,CYM,2025,1086844.0762135729
CYP,CYP,2015,8447043.805938156
CYP,CYP,2016,9144540.25002649
CYP,CYP,2017,9794922.003385464
CYP,CYP,2018,10304120.157837862
CYP,CYP,2019,10988681.594811672
CYP,CYP,2020,9875519.039502963
CYP,CYP,2021,10614286.051349107
CYP,CYP,2022,11221748.027928744
CYP,CYP,2023,11437375.710045245
CYP,CYP,2024,11424471.777718946
CYP,CYP,2025,11600326.677495142
CZE,CZE,2015,134635011.87654257
CZE,CZE,2016,136448750.61606622
CZE,CZE,2017,135529657.3804254
CZE,CZE,2018,134278437.77475348
CZE,CZE,2019,127526974.36417086
CZE,CZE,2020,116278153.88203156
CZE,CZE,2021,120840877.80044068
CZE,CZE,2022,119664631.68697669
CZE,CZE,2023,106692107.62705693
CZE,CZE,2024,99548161.31955452
CZE,CZE,2025,99796129.06745017
DEU,DEU,2015,1026577045.5439456
DEU,DEU,2016,1026796686.9629496
DEU,DEU,2017,977504505.9827412
DEU,DEU,2018,944639876.6632272
DEU,DEU,2019,880978694.1501667
DEU,DEU,2020,811477045.6637951
DEU,DEU,2021,851948284.158936
DEU,DEU,2022,848694800.7891189
DEU,DEU,2023,775177603.8616693
DEU,DEU,2024,762222626.4524003
DEU,DEU,2025,756559138.9733564
DJI,DJI,2015,3126250.939894883
DJI,DJI,2016,3125147.44953254
DJI,DJI,2017,3080483.964764551
DJI,DJI,2018,3177749.4963156134
DJI,DJI,2019,3283551.7185592847
DJI,DJI,2020,3387204.8889634013
DJI,DJI,2021,3372944.260341252
DJI,DJI,2022,3431442.359117274
DJI,DJI,2023,3499258.705246078
DJI,DJI,2024,3402578.3642683118
DJI,DJI,2025,3442403.099133187
DMA,DMA,2015,323101.5399600231
DMA,DMA,2016,328465.26479867427
DMA,DMA,2017,296924.16556776874
DMA,DMA,2018,289792.610238048
DMA,DMA,2019,336229.7497254739
DMA,DMA,2020,302938.5200931097
DMA,DMA,2021,299229.3285837365
DMA,DMA,2022,338337.07815702894
DMA,DMA,2023,362648.1840515645
DMA,DMA,2024,377133.953479537
DMA,DMA,2025,379598.7404499429
DNK,DNK,2015,61749652.24865803
DNK,DNK,2016,64395990.91135654
DNK,DNK,2017,61813618.81568652
DNK,DNK,2018,63343524.5396275
DNK,DNK,2019,60280128.29799536
DNK,DNK,2020,56481962.61196149
DNK,DNK,2021,59482065.78247188
DNK,DNK,2022,59442309.77174872
DNK,DNK,2023,57586810.60166386
DNK,DNK,2024,56768635.834332205
DNK,DNK,2025,56728505.14591755
DOM,DOM,2015,38658095.12543288
DOM,DOM,2016,40297532.73260719
DOM,DOM,2017,40371230.97523547
DOM,DOM,2018,42014657.47194
DOM,DOM,2019,44768118.482532
DOM,DOM,2020,42879819.247752726
DOM,DOM,2021,45823665.7708108
DOM,DOM,2022,48734321.74779786
DOM,DOM,2023,50474783.932561286
DOM,DOM,2024,51929028.83184459
DOM,DOM,2025,52230744.93026552
DZA,DZA,2015,301672023.05306566
DZA,DZA,2016,305066611.51482844
DZA,DZA,2017,305532024.21600085
DZA,DZA,2018,314032632.89416474
DZA,DZA,2019,315725322.35364085
DZA,DZA,2020,303469155.7355251
DZA,DZA,2021,325398109.5809398
DZA,DZA,2022,339401566.3369817
DZA,DZA,2023,341432577.6369151
DZA,DZA,2024,327528511.72422737
DZA,DZA,2025,327124075.2804716
ECU,ECU,2015,93395520.36119848
ECU,ECU,2016,92549362.14505447
ECU,ECU,2017,92397088.57463364
ECU,ECU,2018,91920685.00628744
ECU,ECU,2019,93491704.5452267
ECU,ECU,2020,83338173.65988198
ECU,ECU,2021,84887717.84779848
ECU,ECU,2022,86846227.89990419
ECU,ECU,2023,86938424.88076718
ECU,ECU,2024,90624036.35307918
ECU,ECU,2025,88274087.28838374
EGY,EGY,2015,375771700.9533336
EGY,EGY,2016,375721975.4187042
EGY,EGY,2017,378423592.2163418
EGY,EGY,2018,378562692.11343145
EGY,EGY,2019,361613006.7914158
EGY,EGY,2020,361960380.0405577
EGY,EGY,2021,365513591.2937948
EGY,EGY,2022,369980521.20585465
EGY,EGY,2023,381057640.7289594
EGY,EGY,2024,390399826.2163437
EGY,EGY,2025,385496467.5678741
ERI,ERI,2015,10558960.088083874
ERI,ERI,2016,9676123.027235154
ERI,ERI,2017,9183919.406127471
ERI,ERI,2018,9695331.473241877
ERI,ERI,2019,9791505.364038892
ERI,ERI,2020,9766969.801522544
ERI,ERI,2021,10031072.185024204
ERI,ERI,2022,10181247.5199745
ERI,ERI,2023,10504748.499329358
ERI,ERI,2024,10420455.20040049
ERI,ERI,2025,10429076.341368493
ESH,ESH,2015,1027841.6220363444
ESH,ESH,2016,1076067.0474322257
ESH,ESH,2017,1005765.805361536
ESH,ESH,2018,1056058.1764782972
ESH,ESH,2019,1135348.2313215125
ESH,ESH,2020,973611.213672804
ESH,ESH,2021,1239285.650968618
ESH,ESH,2022,1277258.3247432588
ESH,ESH,2023,1286996.2237994275
ESH,ESH,2024,1285670.9316609814
ESH,ESH,2025,1227513.201159672
ESP,ESP,2015,367379765.7044905
ESP,ESP,2016,358690749.11530256
ESP,ESP,2017,374553676.7173166
ESP,ESP,2018,373225402.7411196
ESP,ESP,2019,357131553.3814539
ESP,ESP,2020,311005818.66948444
ESP,ESP,2021,332709033.5318931
ESP,ESP,2022,342787261.714379
ESP,ESP,2023,331043780.63325506
ESP,ESP,2024,329226216.2133487
ESP,ESP,2025,330696959.1526993
EST,EST,2015,30170618.402451985
EST,EST,2016,29877322.148859456
EST,EST,2017,31553528.48664404
EST,EST,2018,33762210.21543117
EST,EST,2019,25304494.0974307
EST,EST,2020,22195940.990807757
EST,EST,2021,23259587.20084162
EST,EST,2022,25157412.443594333
EST,EST,2023,21290282.746680044
EST,EST,2024,20444305.94407975
EST,EST,2025,20182675.301159665
ETH,ETH,2015,198161481.21445188
ETH,ETH,2016,207561734.01165843
ETH,ETH,2017,212587340.8378473
ETH,ETH,2018,221569800.2913272
ETH,ETH,2019,236892434.4366028
ETH,ETH,2020,247178528.8610232
ETH,ETH,2021,237168879.47126144
ETH,ETH,2022,242245845.1666928
ETH,ETH,2023,254785238.0660189
ETH,ETH,2024,263986892.2667004
ETH,ETH,2025,263815399.1898264
FIN,FIN,2015,89025893.10083136
FIN,FIN,2016,91543106.82297131
FIN,FIN,2017,89844923.78369978
FIN,FIN,2018,92664549.6364178
FIN,FIN,2019,88974221.22996937
FIN,FIN,2020,82257754.85797575
FIN,FIN,2021,82685138.84815004
FIN,FIN,2022,80447533.63119508
FIN,FIN,2023,75966607.28651921
FIN,FIN,2024,73907855.92620787
FIN,FIN,2025,74452429.82507439
FJI,FJI,2015,8811995.802848497
FJI,FJI,2016,9188516.663860928
FJI,FJI,2017,9629806.44300219
FJI,FJI,2018,9962037.65183711
FJI,FJI,2019,10095608.790180692
FJI,FJI,2020,9582055.775420412
FJI,FJI,2021,3092452.5150269084
FJI,FJI,2022,3556630.269282978
FJI,FJI,2023,3797590.123894856
FJI,FJI,2024,3931616.763101465
FJI,FJI,2025,3976692.625721667
FLK,FLK,2015,6917418.064229475
FLK,FLK,2016,6861132.953019328
FLK,FLK,2017,6863624.457292533
FLK,FLK,2018,6881297.328925198
FLK,FLK,2019,6857562.77540318
FLK,FLK,2020,6855265.0153910415
FLK,FLK,2021,6903207.34857385
FLK,FLK,2022,6914114.049022257
FLK,FLK,2023,6897569.048090852
FLK,FLK,2024,6994127.962731079
FLK,FLK,2025,6963361.528737822
FRA,FRA,2015,510385809.9544486
FRA,FRA,2016,512051489.4026301
FRA,FRA,2017,520982506.24998
FRA,FRA,2018,512227688.7227439
FRA,FRA,2019,501613169.0951829
FRA,FRA,2020,444337143.1356689
FRA,FRA,2021,474772584.5706637
FRA,FRA,2022,469586291.51161087
FRA,FRA,2023,444392565.0929745
FRA,FRA,2024,438399792.1588027
FRA,FRA,2025,439095771.359798
FRO,FRO,2015,1229570.347264685
FRO,FRO,2016,1221714.167466384
FRO,FRO,2017,1374919.5256660406
FRO,FRO,2018,1471987.8749835545
FRO,FRO,2019,1567864.6136708497
FRO,FRO,2020,1619610.3734709949
FRO,FRO,2021,1715327.8123549572
FRO,FRO,2022,1720378.896056994
FRO,FRO,2023,1736567.539433841
FRO,FRO,2024,1615464.7845148009
FRO,FRO,2025,1623242.452774199
FSM,FSM,2015,418755.4234178519
FSM,FSM,2016,442657.20040175214
FSM,FSM,2017,547636.7966672297
FSM,FSM,2018,598697.0887257215
FSM,FSM,2019,505379.5342719772
FSM,FSM,2020,396519.8592606764
FSM,FSM,2021,351379.7921821473
FSM,FSM,2022,360642.0818064911
FSM,FSM,2023,399856.1616051105
FSM,FSM,2024,457426.4540685837
FSM,FSM,2025,425482.801992701
GAB,GAB,2015,30826033.332690224
GAB,GAB,2016,30929991.286017668
GAB,GAB,2017,24243084.643895097
GAB,GAB,2018,22873368.716712218
GAB,GAB,2019,24803561.15600261
GAB,GAB,2020,24146040.97893755
GAB,GAB,2021,23589640.50735359
GAB,GAB,2022,24402710.55529772
GAB,GAB,2023,26919881.95915322
GAB,GAB,2024,27346472.39746056
GAB,GAB,2025,26901531.20744589
GBR,GBR,2015,578664889.2452499
GBR,GBR,2016,558847258.2451088
GBR,GBR,2017,549434774.0504755
GBR,GBR,2018,538851133.2946599
GBR,GBR,2019,527074876.5770713
GBR,GBR,2020,471172285.0473595
GBR,GBR,2021,486767537.9679916
GBR,GBR,2022,484332965.0810074
GBR,GBR,2023,461561820.9598192
GBR,GBR,2024,451652180.5805312
GBR,GBR,2025,451166691.01038885
GEO,GEO,2015,18549269.447826967
GEO,GEO,2016,19480082.63166064
GEO,GEO,2017,19234219.68221377
GEO,GEO,2018,18895065.002199396
GEO,GEO,2019,20106851.05411525
GEO,GEO,2020,19276404.92334425
GEO,GEO,2021,20699376.71521477
GEO,GEO,2022,21824381.411848117
GEO,GEO,2023,22269540.93171288
GEO,GEO,2024,22820795.563515466
GEO,GEO,2025,23110883.919047967
GGY,GGY,2015,768712.4612780976
GGY,GGY,2016,790694.3215949587
GGY,GGY,2017,805954.404276019
GGY,GGY,2018,823013.8064329779
GGY,GGY,2019,830867.4965545662
GGY,GGY,2020,762310.6565569428
GGY,GGY,2021,816947.3032262283
GGY,GGY,2022,834785.4505027763
GGY,GGY,2023,878950.50759495
GGY,GGY,2024,845697.4193379511
GGY,GGY,2025,861339.1433433319
GHA,GHA,2015,40529390.48245432
GHA,GHA,2016,41712152.249187775
GHA,GHA,2017,44889882.0848625
GHA,GHA,2018,48481264.875857614
GHA,GHA,2019,52183529.26061846
GHA,GHA,2020,55807791.08315157
GHA,GHA,2021,56320811.86504121
GHA,GHA,2022,57097024.60915573
GHA,GHA,2023,58103659.85199719
GHA,GHA,2024,58850842.63217025
GHA,GHA,2025,58990340.26340093
GIB,GIB,2015,971840.6087950215
GIB,GIB,2016,1113469.0959621498
GIB,GIB,2017,1177028.4441091036
GIB,GIB,2018,1248195.5711929512
GIB,GIB,2019,1293187.909012386
GIB,GIB,2020,1319888.374396422
GIB,GIB,2021,824461.9780823181
GIB,GIB,2022,819264.3560383143
GIB,GIB,2023,805664.4772025583
GIB,GIB,2024,739489.6111206313
GIB,GIB,2025,783319.0115363384
GIN,GIN,2015,38876490.2940385
GIN,GIN,2016,41801656.91271757
GIN,GIN,2017,43857380.20794013
GIN,GIN,2018,45652722.73065139
GIN,GIN,2019,47946712.45849203
GIN,GIN,2020,50221316.34525387
GIN,GIN,2021,44475494.229502015
GIN,GIN,2022,46429545.779572
GIN,GIN,2023,46215210.3156343
GIN,GIN,2024,48379095.02849157
GIN,GIN,2025,48986318.862128966
GLP,GLP,2015,3081393.9610144994
GLP,GLP,2016,3171357.3834319315
GLP,GLP,2017,3210011.5566003155
GLP,GLP,2018,3332996.3197791227
GLP,GLP,2019,3324734.51983906
GLP,GLP,2020,3080404.602333931
GLP,GLP,2021,2944100.316780545
GLP,GLP,2022,3119132.7241159184
GLP,GLP,2023,3082988.70290504
GLP,GLP,2024,3114399.7290769084
GLP,GLP,2025,2760068.983136106
GMB,GMB,2015,3620269.187172357
GMB,GMB,2016,3561604.3988085664
GMB,GMB,2017,3467121.957601519
GMB,GMB,2018,3367987.784062784
GMB,GMB,2019,3686684.569235608
GMB,GMB,2020,3738253.284504141
GMB,GMB,2021,3492406.075049
GMB,GMB,2022,3606130.0621571606
GMB,GMB,2023,3671837.325385127
GMB,GMB,2024,3580360.1365367463
GMB,GMB,2025,3635333.900060462
GNB,GNB,2015,3941767.958180697
GNB,GNB,2016,4117732.6442891513
GNB,GNB,2017,3875226.817357545
GNB,GNB,2018,3940703.429634617
GNB,GNB,2019,4135404.7890757145
GNB,GNB,2020,4216819.381816243
GNB,GNB,2021,3839985.350991224
GNB,GNB,2022,4001217.5481678303
GNB,GNB,2023,4028921.349512655
GNB,GNB,2024,4115438.816273985
GNB,GNB,2025,4110785.786887536
GNQ,GNQ,2015,21578942.587922346
GNQ,GNQ,2016,19916407.760084476
GNQ,GNQ,2017,18185332.27916817
GNQ,GNQ,2018,15855101.437198449
GNQ,GNQ,2019,14860314.989146613
GNQ,GNQ,2020,13676487.366653528
GNQ,GNQ,2021,13142107.027263043
GNQ,GNQ,2022,13092799.86744875
GNQ,GNQ,2023,11630477.010456286
GNQ,GNQ,2024,11660750.984778425
GNQ,GNQ,2025,11210839.441264456
GRC,GRC,2015,113244549.66619998
GRC,GRC,2016,113986977.53244972
GRC,GRC,2017,114745336.11612424
GRC,GRC,2018,112072291.47737826
GRC,GRC,2019,105379282.79848576
GRC,GRC,2020,91333021.87981516
GRC,GRC,2021,94035863.18017332
GRC,GRC,2022,97271294.66493498
GRC,GRC,2023,93782498.2916203
GRC,GRC,2024,94568062.98463435
GRC,GRC,2025,92032100.0838043
GRD,GRD,2015,440825.9403196168
GRD,GRD,2016,504137.37868464616
GRD,GRD,2017,535608.3103427672
GRD,GRD,2018,560226.5289353915
GRD,GRD,2019,619105.266688349
GRD,GRD,2020,515793.9483970395
GRD,GRD,2021,532565.8173860648
GRD,GRD,2022,651173.6366802398
GRD,GRD,2023,664918.2425038352
GRD,GRD,2024,680179.2136499967
GRD,GRD,2025,699879.5799005927
GRL,GRL,2015,876480.637901302
GRL,GRL,2016,886136.875151336
GRL,GRL,2017,920183.9763417584
GRL,GRL,2018,953849.6013484248
GRL,GRL,2019,985856.4989881894
GRL,GRL,2020,1005580.0533199748
GRL,GRL,2021,1052349.1195866144
GRL,GRL,2022,1265955.1011421145
GRL,GRL,2023,1367648.3612160953
GRL,GRL,2024,1268227.3876913183
GRL,GRL,2025,1250576.9154956385
GTM,GTM,2015,37581551.75520933
GTM,GTM,2016,38520460.82973317
GTM,GTM,2017,37899212.35834073
GTM,GTM,2018,40267491.154022574
GTM,GTM,2019,41373391.87901013
GTM,GTM,2020,39172433.58699608
GTM,GTM,2021,42932052.11480122
GTM,GTM,2022,42378039.2163127
GTM,GTM,2023,44972213.35728623
GTM,GTM,2024,45425696.22454588
GTM,GTM,2025,46153093.877773054
GUF,GUF,2015,960033.1378347066
GUF,GUF,2016,1035618.8827712226
GUF,GUF,2017,1000663.6523518548
GUF,GUF,2018,1066680.4865028867
GUF,GUF,2019,1159244.0805398277
GUF,GUF,2020,1058821.072864416
GUF,GUF,2021,970532.468745994
GUF,GUF,2022,1010563.8795891954
GUF,GUF,2023,1008378.988623486
GUF,GUF,2024,1024823.7434563336
GUF,GUF,2025,1014776.2966602084
GUM,GUM,2015,2403320.6127830376
GUM,GUM,2016,2464494.115718808
GUM,GUM,2017,2463126.941205513
GUM,GUM,2018,2405208.14542444
GUM,GUM,2019,2504373.238700131
GUM,GUM,2020,2400448.379889402
GUM,GUM,2021,2364173.2424959457
GUM,GUM,2022,2346803.3746092618
GUM,GUM,2023,2451882.991797095
GUM,GUM,2024,2480843.2474635323
GUM,GUM,2025,2484719.6533264657
GUY,GUY,2015,8857839.579307955
GUY,GUY,2016,8742625.416796688
GUY,GUY,2017,9017882.061086822
GUY,GUY,2018,8826012.61337071
GUY,GUY,2019,9262093.8016044
GUY,GUY,2020,11059968.370225407
GUY,GUY,2021,13091763.779325835
GUY,GUY,2022,17209583.18739345
GUY,GUY,2023,19301186.072463047
GUY,GUY,2024,21563481.210766744
GUY,GUY,2025,23987758.7121603
HKG,HKG,2015,73162896.48584548
HKG,HKG,2016,74492019.80030343
HKG,HKG,2017,74821230.55416383
HKG,HKG,2018,74266557.3456081
HKG,HKG,2019,73274126.30881354
HKG,HKG,2020,54935442.41788349
HKG,HKG,2021,54475739.02912178
HKG,HKG,2022,53053460.59006183
HKG,HKG,2023,59421427.3690218
HKG,HKG,2024,62274721.01334697
HKG,HKG,2025,62428791.48190457
HMD,HMD,2015,0.0
HMD,HMD,2016,0.0
HMD,HMD,2017,0.0
HMD,HMD,2018,0.0
HMD,HMD,2019,0.0
HMD,HMD,2020,0.0
HMD,HMD,2021,0.0
HMD,HMD,2022,0.0
HMD,HMD,2023,0.0
HMD,HMD,2024,0.0
HMD,HMD,2025,0.0
HND,HND,2015,23319422.8164752
HND,HND,2016,22743614.59683807
HND,HND,2017,22504680.86236198
HND,HND,2018,21429108.060523547
HND,HND,2019,22772658.213829163
HND,HND,2020,22177506.71232606
HND,HND,2021,23979412.290876582
HND,HND,2022,24777243.30753382
HND,HND,2023,25365716.43528337
HND,HND,2024,26006037.99739738
HND,HND,2025,26492844.98984484
HRV,HRV,2015,27046430.118260883
HRV,HRV,2016,27815150.09420314
HRV,HRV,2017,28755241.120473605
HRV,HRV,2018,28128921.363861077
HRV,HRV,2019,28759292.014563907
HRV,HRV,2020,27172260.63062461
HRV,HRV,2021,28738109.29082414
HRV,HRV,2022,28942966.22322507
HRV,HRV,2023,30094494.74933866
HRV,HRV,2024,30299462.407708403
HRV,HRV,2025,30596483.004759084
HTI,HTI,2015,10839323.788421836
HTI,HTI,2016,11177165.222584594
HTI,HTI,2017,11205131.086404463
HTI,HTI,2018,11107084.430185927
HTI,HTI,2019,11265464.05498197
HTI,HTI,2020,11118034.006106617
HTI,HTI,2021,11093281.540936736
HTI,HTI,2022,11262814.860245712
HTI,HTI,2023,11417552.147521194
HTI,HTI,2024,11530003.250501571
HTI,HTI,2025,11592131.680394469
HUN,HUN,2015,84861257.03297642
HUN,HUN,2016,81372311.6040435
HUN,HUN,2017,88570701.46397652
HUN,HUN,2018,89415173.92302358
HUN,HUN,2019,87746579.67877305
HUN,HUN,2020,83441606.87304942
HUN,HUN,2021,76333636.93643318
HUN,HUN,2022,72960390.91556105
HUN,HUN,2023,69256464.75392205
HUN,HUN,2024,71214673.9261246
HUN,HUN,2025,72543487.1439647
IDN,IDN,2015,1201233649.5453546
IDN,IDN,2016,1173068015.6758742
IDN,IDN,2017,1225392331.2740593
IDN,IDN,2018,1320846970.8553855
IDN,IDN,2019,1358073279.7707283
IDN,IDN,2020,1320121304.993361
IDN,IDN,2021,1374572888.7543554
IDN,IDN,2022,1497935355.4570413
IDN,IDN,2023,1570125639.5169127
IDN,IDN,2024,1615986817.7020934
IDN,IDN,2025,1635942658.8070278
IMN,IMN,2015,883172.0695369923
IMN,IMN,2016,890441.1102833854
IMN,IMN,2017,892841.7230772714
IMN,IMN,2018,897770.296681411
IMN,IMN,2019,861688.1054657887
IMN,IMN,2020,824427.5716668789
IMN,IMN,2021,832848.1251313533
IMN,IMN,2022,865285.7608570557
IMN,IMN,2023,876615.1307218198
IMN,IMN,2024,877040.6598779445
IMN,IMN,2025,865212.8407008147
IND,IND,2015,3222925077.0061355
IND,IND,2016,3264757499.182176
IND,IND,2017,3409510381.9771457
IND,IND,2018,3535237457.719424
IND,IND,2019,3570676564.819078
IND,IND,2020,3380125973.6851563
IND,IND,2021,3641173617.24008
IND,IND,2022,3909266111.179362
IND,IND,2023,4159329470.569369
IND,IND,2024,4304810273.999662
IND,IND,2025,4334488769.409461
IOT,IOT,2015,73168.583599299
IOT,IOT,2016,79015.65833507317
IOT,IOT,2017,82822.83601444445
IOT,IOT,2018,87370.25845420144
IOT,IOT,2019,105830.96303930036
IOT,IOT,2020,92323.89982354852
IOT,IOT,2021,100488.77275925364
IOT,IOT,2022,110775.56848782704
IOT,IOT,2023,77771.93981752971
IOT,IOT,2024,114539.64765671884
IOT,IOT,2025,74249.1359396701
IRL,IRL,2015,75629200.2580627
IRL,IRL,2016,80170412.01705836
IRL,IRL,2017,79838381.71446966
IRL,IRL,2018,77264325.29242319
IRL,IRL,2019,75098304.72680195
IRL,IRL,2020,70504734.40388621
IRL,IRL,2021,74960812.0895179
IRL,IRL,2022,75023829.36701192
IRL,IRL,2023,71501604.53975002
IRL,IRL,2024,72303089.08124565
IRL,IRL,2025,71923560.20746596
IRN,IRN,2015,950768815.5613052
IRN,IRN,2016,979893348.253485
IRN,IRN,2017,1023325448.845893
IRN,IRN,2018,1034488251.77974
IRN,IRN,2019,1049599038.4997072
IRN,IRN,2020,1084099406.1884024
IRN,IRN,2021,1127348290.733564
IRN,IRN,2022,1156817553.3654706
IRN,IRN,2023,1202797137.4883192
IRN,IRN,2024,1228886361.5419075
IRN,IRN,2025,1239690071.290264
IRQ,IRQ,2015,353408891.11182857
IRQ,IRQ,2016,411289893.1530007
IRQ,IRQ,2017,430758543.3723714
IRQ,IRQ,2018,440540956.5230282
IRQ,IRQ,2019,465902635.18518746
IRQ,IRQ,2020,421466827.61903113
IRQ,IRQ,2021,438475803.9055478
IRQ,IRQ,2022,469776585.0256985
IRQ,IRQ,2023,492887256.9062383
IRQ,IRQ,2024,501016887.77367705
IRQ,IRQ,2025,516126545.8826731
ISL,ISL,2015,8223584.229924407
ISL,ISL,2016,8653511.05509801
ISL,ISL,2017,9108852.768504309
ISL,ISL,2018,9489451.228437455
ISL,ISL,2019,8994018.802050587
ISL,ISL,2020,7835241.165701726
ISL,ISL,2021,8909851.633188669
ISL,ISL,2022,9441037.187171267
ISL,ISL,2023,9631631.235521024
ISL,ISL,2024,9749929.163138686
ISL,ISL,2025,9836851.4799131
ISR,ISR,2015,84299408.48527108
ISR,ISR,2016,83613641.09997651
ISR,ISR,2017,83208494.11172584
ISR,ISR,2018,85060029.54108326
ISR,ISR,2019,88130857.20920812
ISR,ISR,2020,86086981.84275834
ISR,ISR,2021,88572750.73444377
ISR,ISR,2022,92603895.3641811
ISR,ISR,2023,92209488.04240815
ISR,ISR,2024,92334988.13574496
ISR,ISR,2025,93951283.5506936
ITA,ITA,2015,448231083.24313295
ITA,ITA,2016,452854996.43417966
ITA,ITA,2017,454350234.94730335
ITA,ITA,2018,449229721.6014473
ITA,ITA,2019,438084869.5249302
ITA,ITA,2020,391278675.7335887
ITA,ITA,2021,414984168.39982855
ITA,ITA,2022,417981551.1718487
ITA,ITA,2023,387119088.7356648
ITA,ITA,2024,375040905.2271464
ITA,ITA,2025,377644987.1676097
JAM,JAM,2015,10547344.20744506
JAM,JAM,2016,10994502.81201215
JAM,JAM,2017,10659731.776111912
JAM,JAM,2018,12274243.575264657
JAM,JAM,2019,11991159.668473972
JAM,JAM,2020,9121038.872822097
JAM,JAM,2021,9759803.650520736
JAM,JAM,2022,10994986.055481533
JAM,JAM,2023,11203939.793264048
JAM,JAM,2024,11339535.085955828
JAM,JAM,2025,11230799.380855726
JEY,JEY,2015,974317.675282302
JEY,JEY,2016,1014585.3249662626
JEY,JEY,2017,1010187.6561275978
JEY,JEY,2018,1028534.7637060784
JEY,JEY,2019,1051504.7902358354
JEY,JEY,2020,1001079.6698996496
JEY,JEY,2021,1060556.125584236
JEY,JEY,2022,1055546.882420294
JEY,JEY,2023,1059094.4707576493
JEY,JEY,2024,1053166.644689601
JEY,JEY,2025,1070884.1204534462
JOR,JOR,2015,37967969.44498815
JOR,JOR,2016,37154271.49015962
JOR,JOR,2017,39537034.16802497
JOR,JOR,2018,38637848.36448335
JOR,JOR,2019,36503297.17023744
JOR,JOR,2020,33627041.61090624
JOR,JOR,2021,36308274.31897192
JOR,JOR,2022,37016625.64661687
JOR,JOR,2023,36735743.22658813
JOR,JOR,2024,37145416.87083211
JOR,JOR,2025,38921969.0898326
JPN,JPN,2015,1572615524.4759512
JPN,JPN,2016,1522178993.3296728
JPN,JPN,2017,1507676768.3882158
JPN,JPN,2018,1465251609.4243674
JPN,JPN,2019,1421790682.0783637
JPN,JPN,2020,1337819353.947713
JPN,JPN,2021,1364743133.1623847
JPN,JPN,2022,1363928562.5852425
JPN,JPN,2023,1310742577.699653
JPN,JPN,2024,1304086037.6078851
JPN,JPN,2025,1288640112.983194
KAZ,KAZ,2015,313853597.1143459
KAZ,KAZ,2016,327102431.43773484
KAZ,KAZ,2017,347015887.46640766
KAZ,KAZ,2018,357433327.05171543
KAZ,KAZ,2019,356020295.7498316
KAZ,KAZ,2020,373622572.6391719
KAZ,KAZ,2021,378788831.89528537
KAZ,KAZ,2022,392638001.50845873
KAZ,KAZ,2023,404450692.4292066
KAZ,KAZ,2024,388098080.7585544
KAZ,KAZ,2025,398779125.6152464
KEN,KEN,2015,86655598.08870713
KEN,KEN,2016,93436947.22186698
KEN,KEN,2017,89718679.58603635
KEN,KEN,2018,92945641.83661932
KEN,KEN,2019,102686833.56539278
KEN,KEN,2020,114431353.65423708
KEN,KEN,2021,107254376.68328243
KEN,KEN,2022,102215869.54676662
KEN,KEN,2023,108947989.28970914
KEN,KEN,2024,115942359.88905925
KEN,KEN,2025,116662518.23243476
KGZ,KGZ,2015,23747344.81626748
KGZ,KGZ,2016,25597468.16750581
KGZ,KGZ,2017,22056556.46294212
KGZ,KGZ,2018,23180103.46112344
KGZ,KGZ,2019,21178785.78965225
KGZ,KGZ,2020,21208095.40221884
KGZ,KGZ,2021,23313882.59447059
KGZ,KGZ,2022,23829779.37003128
KGZ,KGZ,2023,23935856.90079232
KGZ,KGZ,2024,24715357.868453834
KGZ,KGZ,2025,25037182.69744239
KHM,KHM,2015,31836456.16844417
KHM,KHM,2016,35443762.170713075
KHM,KHM,2017,34005940.99284942
KHM,KHM,2018,36457648.56701183
KHM,KHM,2019,41105073.01447216
KHM,KHM,2020,42375699.229253374
KHM,KHM,2021,43506558.74585797
KHM,KHM,2022,44408843.6491304
KHM,KHM,2023,46502728.12209968
KHM,KHM,2024,49735412.37819102
KHM,KHM,2025,50095207.43147132
KIR,KIR,2015,321344.75481069245
KIR,KIR,2016,249231.2529831045
KIR,KIR,2017,236798.57461123032
KIR,KIR,2018,259218.62098483497
KIR,KIR,2019,399669.6633823009
KIR,KIR,2020,336200.00715084583
KIR,KIR,2021,296633.9727693839
KIR,KIR,2022,301700.1148014811
KIR,KIR,2023,362871.3144970377
KIR,KIR,2024,338846.19577232946
KIR,KIR,2025,320366.04704621166
KNA,KNA,2015,495497.3539852367
KNA,KNA,2016,523736.03504379536
KNA,KNA,2017,609940.2849598854
KNA,KNA,2018,588223.7582719272
KNA,KNA,2019,578169.1186073356
KNA,KNA,2020,412326.097438789
KNA,KNA,2021,420176.8456885904
KNA,KNA,2022,538584.4963683684
KNA,KNA,2023,549316.3898541429
KNA,KNA,2024,544266.4909331525
KNA,KNA,2025,558198.5389481876
KOR,KOR,2015,750981919.5483124
KOR,KOR,2016,756845349.3498687
KOR,KOR,2017,780559601.1011288
KOR,KOR,2018,800495164.4755342
KOR,KOR,2019,779467379.2055475
KOR,KOR,2020,731385887.5078788
KOR,KOR,2021,760656806.4129174
KOR,KOR,2022,739158249.0574371
KOR,KOR,2023,728115611.134975
KOR,KOR,2024,717364665.2789378
KOR,KOR,2025,714434190.2232554
KWT,KWT,2015,175449539.37469986
KWT,KWT,2016,184298333.7285756
KWT,KWT,2017,180546639.25115347
KWT,KWT,2018,183780455.909074
KWT,KWT,2019,187463473.92957217
KWT,KWT,2020,178816766.27004778
KWT,KWT,2021,184673239.2515422
KWT,KWT,2022,200374980.02473
KWT,KWT,2023,204424442.44639537
KWT,KWT,2024,209994932.4284939
KWT,KWT,2025,220693091.15700695
LAO,LAO,2015,18665421.777236704
LAO,LAO,2016,25580163.824531317
LAO,LAO,2017,29197209.67111669
LAO,LAO,2018,30286221.911113627
LAO,LAO,2019,30682824.46694789
LAO,LAO,2020,30457307.997423872
LAO,LAO,2021,33910101.42372209
LAO,LAO,2022,35791366.9707453
LAO,LAO,2023,40692105.8003924
LAO,LAO,2024,40907738.03262129
LAO,LAO,2025,41324280.14718853
LBN,LBN,2015,38027111.31501058
LBN,LBN,2016,38998492.35500274
LBN,LBN,2017,40544055.96320605
LBN,LBN,2018,39321081.08845455
LBN,LBN,2019,37175593.2701133
LBN,LBN,2020,31396247.835720334
LBN,LBN,2021,25527988.408041127
LBN,LBN,2022,20093439.40905625
LBN,LBN,2023,21094990.57534657
LBN,LBN,2024,21878794.406480443
LBN,LBN,2025,21361245.54586787
LBR,LBR,2015,5818840.779238443
LBR,LBR,2016,6121265.375791345
LBR,LBR,2017,5527031.489396615
LBR,LBR,2018,5854606.516622554
LBR,LBR,2019,6194593.701993586
LBR,LBR,2020,6587874.842919679
LBR,LBR,2021,5987948.9592783535
LBR,LBR,2022,6138723.387322092
LBR,LBR,2023,6026523.625139078
LBR,LBR,2024,5738677.983115218
LBR,LBR,2025,5830541.458344038
LBY,LBY,2015,104333720.33884464
LBY,LBY,2016,104336777.94094296
LBY,LBY,2017,127622155.71998812
LBY,LBY,2018,141089217.8567911
LBY,LBY,2019,147645050.556511
LBY,LBY,2020,91245133.4220514
LBY,LBY,2021,143275026.03950337
LBY,LBY,2022,139305247.0630126
LBY,LBY,2023,149540823.2709603
LBY,LBY,2024,136316169.2842906
LBY,LBY,2025,143259229.22954473
LCA,LCA,2015,894663.357391264
LCA,LCA,2016,947915.4031028585
LCA,LCA,2017,1044043.2640663306
LCA,LCA,2018,998442.7158993676
LCA,LCA,2019,1122186.3865338827
LCA,LCA,2020,881984.9514814009
LCA,LCA,2021,860068.0233676091
LCA,LCA,2022,1028637.8537163984
LCA,LCA,2023,1053894.497402109
LCA,LCA,2024,1076596.936220311
LCA,LCA,2025,1036301.6033204888
LIE,LIE,2015,113132.56660187256
LIE,LIE,2016,115846.40804153902
LIE,LIE,2017,115289.37160926382
LIE,LIE,2018,111084.42887436584
LIE,LIE,2019,111697.24837183072
LIE,LIE,2020,103612.27231373113
LIE,LIE,2021,114825.8167039371
LIE,LIE,2022,101659.55936136896
LIE,LIE,2023,99295.22526650604
LIE,LIE,2024,100291.90881207531
LIE,LIE,2025,101313.7045949412
LKA,LKA,2015,36480232.11304415
LKA,LKA,2016,40943223.38418797
LKA,LKA,2017,40350054.03201807
LKA,LKA,2018,40949364.11226416
LKA,LKA,2019,43114232.191538334
LKA,LKA,2020,41545083.96298237
LKA,LKA,2021,41904475.51512448
LKA,LKA,2022,43187789.777844585
LKA,LKA,2023,41789928.57086721
LKA,LKA,2024,43682108.80390301
LKA,LKA,2025,43965575.6451211
LSO,LSO,2015,4622676.484519489
LSO,LSO,2016,4739935.035963111
LSO,LSO,2017,5150484.333407126
LSO,LSO,2018,4927043.693870875
LSO,LSO,2019,4875782.077640618
LSO,LSO,2020,4596118.33426133
LSO,LSO,2021,5175276.511028542
LSO,LSO,2022,5955997.757553871
LSO,LSO,2023,5238208.383461885
LSO,LSO,2024,5185687.06271662
LSO,LSO,2025,5137468.995548119
LTU,LTU,2015,34604699.557320744
LTU,LTU,2016,34314912.48188977
LTU,LTU,2017,34854687.85134599
LTU,LTU,2018,34772135.74879214
LTU,LTU,2019,34696885.698958986
LTU,LTU,2020,34228811.4549843
LTU,LTU,2021,34258894.80485837
LTU,LTU,2022,32351169.593308985
LTU,LTU,2023,31385796.641406894
LTU,LTU,2024,31549050.87438424
LTU,LTU,2025,32301866.04783104
LUX,LUX,2015,6759084.641620184
LUX,LUX,2016,6626899.618336822
LUX,LUX,2017,7393139.728645067
LUX,LUX,2018,7671755.422566839
LUX,LUX,2019,7298479.381001028
LUX,LUX,2020,6618904.053979736
LUX,LUX,2021,6774793.9582464425
LUX,LUX,2022,6583335.320553208
LUX,LUX,2023,6176024.863509738
LUX,LUX,2024,6175853.09621467
LUX,LUX,2025,6249361.417842818
LVA,LVA,2015,19636748.700732373
LVA,LVA,2016,19807043.926741656
LVA,LVA,2017,19878471.81578781
LVA,LVA,2018,20773738.440562204
LVA,LVA,2019,20724974.12701428
LVA,LVA,2020,19411090.64623071
LVA,LVA,2021,20066262.020956907
LVA,LVA,2022,19694906.67591659
LVA,LVA,2023,19456177.6077183
LVA,LVA,2024,19613252.249402
LVA,LVA,2025,20086010.805062965
MAC,MAC,2015,2270085.758472633
MAC,MAC,2016,2407300.399854793
MAC,MAC,2017,2872810.861518719
MAC,MAC,2018,2302763.844708074
MAC,MAC,2019,2580129.8360463767
MAC,MAC,2020,2098023.216377756
MAC,MAC,2021,2030452.0400238545
MAC,MAC,2022,1654315.0302518085
MAC,MAC,2023,2081578.173258704
MAC,MAC,2024,2479744.3317505745
MAC,MAC,2025,2420401.7243549954
MAF,MAF,2015,311490.7385047946
MAF,MAF,2016,438361.2418062168
MAF,MAF,2017,450880.2592121273
MAF,MAF,2018,408990.9544398647
MAF,MAF,2019,430482.8718982348
MAF,MAF,2020,419724.53240037255
MAF,MAF,2021,426712.8605578965
MAF,MAF,2022,438659.4461302343
MAF,MAF,2023,498533.7881106546
MAF,MAF,2024,474796.5710715599
MAF,MAF,2025,465012.6337130314
MAR,MAR,2015,94871353.84554972
MAR,MAR,2016,95902018.44349936
MAR,MAR,2017,99500160.27726506
MAR,MAR,2018,102406068.09782284
MAR,MAR,2019,109962564.84794173
MAR,MAR,2020,107904215.40509813
MAR,MAR,2021,114009847.56546472
MAR,MAR,2022,118348190.90107416
MAR,MAR,2023,116946036.41503176
MAR,MAR,2024,118738571.74756244
MAR,MAR,2025,120129795.09817377
MCO,MCO,2015,145220.11968933523
MCO,MCO,2016,155927.54693979106
MCO,MCO,2017,163477.8229566644
MCO,MCO,2018,174016.06399283215
MCO,MCO,2019,163783.94934302053
MCO,MCO,2020,112698.62902804982
MCO,MCO,2021,139916.16164380114
MCO,MCO,2022,122086.02566896376
MCO,MCO,2023,126669.8277013806
MCO,MCO,2024,145723.73672028075
MCO,MCO,2025,148809.13638407606
MDA,MDA,2015,15016895.123456595
MDA,MDA,2016,15200887.753371147
MDA,MDA,2017,15187151.552785885
MDA,MDA,2018,15853933.298740156
MDA,MDA,2019,16462977.87882078
MDA,MDA,2020,15662594.288074274
MDA,MDA,2021,16817944.102878496
MDA,MDA,2022,15278517.522849806
MDA,MDA,2023,15919806.261216229
MDA,MDA,2024,16236288.230312278
MDA,MDA,2025,16525973.774289448
MDG,MDG,2015,43873300.70666335
MDG,MDG,2016,45089858.54657385
MDG,MDG,2017,45689069.98683142
MDG,MDG,2018,43651194.8074527
MDG,MDG,2019,45671371.2126209
MDG,MDG,2020,43408340.11070539
MDG,MDG,2021,39938325.41078913
MDG,MDG,2022,39604395.784290925
MDG,MDG,2023,41224699.86585491
MDG,MDG,2024,41525035.31533487
MDG,MDG,2025,41989653.92019776
MDV,MDV,2015,1851935.7993992644
MDV,MDV,2016,2011956.5270519336
MDV,MDV,2017,2102360.1885377164
MDV,MDV,2018,2263453.58827425
MDV,MDV,2019,2416743.5034164647
MDV,MDV,2020,1978649.805735393
MDV,MDV,2021,2423676.136508347
MDV,MDV,2022,2636914.2011968093
MDV,MDV,2023,2701912.2807126315
MDV,MDV,2024,2730144.7310602213
MDV,MDV,2025,2786304.426540737
MEX,MEX,2015,823760231.4801141
MEX,MEX,2016,829569021.9770141
MEX,MEX,2017,833995148.7947018
MEX,MEX,2018,827682685.4666789
MEX,MEX,2019,833638640.0067078
MEX,MEX,2020,743783100.6899092
MEX,MEX,2021,784897819.5039093
MEX,MEX,2022,781044244.7687585
MEX,MEX,2023,805266437.960782
MEX,MEX,2024,814182937.9955869
MEX,MEX,2025,805612945.2265966
MHL,MHL,2015,552987.1276540314
MHL,MHL,2016,682602.2117084169
MHL,MHL,2017,577247.5615695575
MHL,MHL,2018,546252.6231451754
MHL,MHL,2019,540224.122264614
MHL,MHL,2020,392300.2062231383
MHL,MHL,2021,393666.8162229952
MHL,MHL,2022,355158.0838898196
MHL,MHL,2023,400689.877643859
MHL,MHL,2024,364734.13880948897
MHL,MHL,2025,366613.5890845777
MKD,MKD,2015,11418374.755622275
MKD,MKD,2016,11355295.019253625
MKD,MKD,2017,12000730.108640442
MKD,MKD,2018,11535179.53466045
MKD,MKD,2019,12420876.358789388
MKD,MKD,2020,11248824.94678771
MKD,MKD,2021,10788478.816291174
MKD,MKD,2022,11716610.262807583
MKD,MKD,2023,11598540.501594774
MKD,MKD,2024,10851757.828489956
MKD,MKD,2025,10778747.85561598
MLI,MLI,2015,49692520.20419788
MLI,MLI,2016,55071302.000198856
MLI,MLI,2017,58810965.161739215
MLI,MLI,2018,63202459.46252741
MLI,MLI,2019,66234079.04462735
MLI,MLI,2020,68343890.65139246
MLI,MLI,2021,68222687.49445084
MLI,MLI,2022,70251444.97589386
MLI,MLI,2023,72997220.1063748
MLI,MLI,2024,74357432.21575508
MLI,MLI,2025,74654624.20610838
MLT,MLT,2015,3727121.168990572
MLT,MLT,2016,3556431.884248352
MLT,MLT,2017,3919923.952370943
MLT,MLT,2018,4117363.072414912
MLT,MLT,2019,4032059.319467341
MLT,MLT,2020,3480680.2444924214
MLT,MLT,2021,4122185.989704764
MLT,MLT,2022,4413592.478035915
MLT,MLT,2023,4666463.471377683
MLT,MLT,2024,4366885.460629115
MLT,MLT,2025,4453500.713423552
MMR,MMR,2015,119279593.70907176
MMR,MMR,2016,124979336.60133678
MMR,MMR,2017,142458827.5649487
MMR,MMR,2018,117103236.10173966
MMR,MMR,2019,118240284.6517728
MMR,MMR,2020,118049718.85465422
MMR,MMR,2021,118431945.6424268
MMR,MMR,2022,118835469.24465212
MMR,MMR,2023,121586620.23952746
MMR,MMR,2024,118035011.88127196
MMR,MMR,2025,120106407.4990626
MNE,MNE,2015,4030502.967810816
MNE,MNE,2016,3937571.5920686256
MNE,MNE,2017,4068091.18247081
MNE,MNE,2018,4278419.492597311
MNE,MNE,2019,4354009.064976258
MNE,MNE,2020,4186946.187864886
MNE,MNE,2021,4170153.5755230873
MNE,MNE,2022,4454252.9664651165
MNE,MNE,2023,4624751.991304988
MNE,MNE,2024,4499345.137356691
MNE,MNE,2025,3663622.515858805
MNG,MNG,2015,82447023.4746045
MNG,MNG,2016,90600870.18484432
MNG,MNG,2017,97643282.59282036
MNG,MNG,2018,101847740.82506125
MNG,MNG,2019,108779051.28558885
MNG,MNG,2020,101686154.02055286
MNG,MNG,2021,104209155.06468669
MNG,MNG,2022,107676006.8100698
MNG,MNG,2023,126935977.36728851
MNG,MNG,2024,137171070.06325895
MNG,MNG,2025,138467703.01024234
MNP,MNP,2015,668710.5962653608
MNP,MNP,2016,679438.2803333882
MNP,MNP,2017,711491.4490056874
MNP,MNP,2018,657235.2233041332
MNP,MNP,2019,586406.7418309633
MNP,MNP,2020,526044.4094494635
MNP,MNP,2021,605709.8458520893
MNP,MNP,2022,608131.0079447172
MNP,MNP,2023,640311.4864033468
MNP,MNP,2024,639318.1163653918
MNP,MNP,2025,626063.621995462
MOZ,MOZ,2015,29472063.74791593
MOZ,MOZ,2016,32619416.719487272
MOZ,MOZ,2017,35270434.41764955
MOZ,MOZ,2018,38323915.6599916
MOZ,MOZ,2019,36595458.77580528
MOZ,MOZ,2020,33982995.97632325
MOZ,MOZ,2021,38242379.01790596
MOZ,MOZ,2022,42024874.07554545
MOZ,MOZ,2023,46253534.17260176
MOZ,MOZ,2024,46515269.68481798
MOZ,MOZ,2025,47245415.448247895
MRT,MRT,2015,17245044.97809174
MRT,MRT,2016,17229983.68633333
MRT,MRT,2017,18432670.48719507
MRT,MRT,2018,18972298.30588256
MRT,MRT,2019,19985611.811329383
MRT,MRT,2020,21279573.597012214
MRT,MRT,2021,21470871.15371291
MRT,MRT,2022,22580945.721414223
MRT,MRT,2023,23376986.15386943
MRT,MRT,2024,23523245.18099141
MRT,MRT,2025,23575519.94940885
MSR,MSR,2015,46813.1983197627
MSR,MSR,2016,41375.06833277123
MSR,MSR,2017,41152.38881939473
MSR,MSR,2018,44211.873866721166
MSR,MSR,2019,40103.10396888709
MSR,MSR,2020,33654.7831043552
MSR,MSR,2021,31839.96966759549
MSR,MSR,2022,29228.92750855208
MSR,MSR,2023,30556.67747335472
MSR,MSR,2024,31573.43415768936
MSR,MSR,2025,30202.251510580085
MTQ,MTQ,2015,3170455.5334754367
MTQ,MTQ,2016,3262730.928163463
MTQ,MTQ,2017,3452625.080645713
MTQ,MTQ,2018,3508463.133905304
MTQ,MTQ,2019,3399134.5512355748
MTQ,MTQ,2020,2925874.3076797896
MTQ,MTQ,2021,3054450.3293501693
MTQ,MTQ,2022,3266098.163029765
MTQ,MTQ,2023,3364272.1178261256
MTQ,MTQ,2024,3579317.327673276
MTQ,MTQ,2025,3425294.432024255
MUS,MUS,2015,7147325.3318770025
MUS,MUS,2016,7492438.475878057
MUS,MUS,2017,8058397.879279887
MUS,MUS,2018,8207144.599738223
MUS,MUS,2019,8324039.066789309
MUS,MUS,2020,7140787.905817496
MUS,MUS,2021,7342339.275330512
MUS,MUS,2022,8009473.652982009
MUS,MUS,2023,8527500.877565287
MUS,MUS,2024,9002356.743347
MUS,MUS,2025,8965184.679373134
MWI,MWI,2015,15190047.596137214
MWI,MWI,2016,16086201.66752089
MWI,MWI,2017,17270879.671518378
MWI,MWI,2018,19100314.97294909
MWI,MWI,2019,21128923.45869181
MWI,MWI,2020,21962763.82320434
MWI,MWI,2021,22561039.2562411
MWI,MWI,2022,22392160.157672267
MWI,MWI,2023,21622631.771692537
MWI,MWI,2024,22063377.406460416
MWI,MWI,2025,22278833.58161008
MYS,MYS,2015,394901188.95198
MYS,MYS,2016,395188880.2467669
MYS,MYS,2017,405756941.0358502
MYS,MYS,2018,410681876.5831482
MYS,MYS,2019,419944646.2401882
MYS,MYS,2020,398998847.2373697
MYS,MYS,2021,397108910.8895389
MYS,MYS,2022,418044297.41780174
MYS,MYS,2023,423431445.39747584
MYS,MYS,2024,436549860.11544025
MYS,MYS,2025,436127757.5299812
MYT,MYT,2015,598371.7300157308
MYT,MYT,2016,602126.0507253556
MYT,MYT,2017,615249.8592566034
MYT,MYT,2018,614433.5986531292
MYT,MYT,2019,620432.8162208907
MYT,MYT,2020,596223.3959592042
MYT,MYT,2021,656980.2437214451
MYT,MYT,2022,706790.5299233078
MYT,MYT,2023,671673.2206799857
MYT,MYT,2024,676844.3513450355
MYT,MYT,2025,671754.9319894444
NAM,NAM,2015,17275554.186118003
NAM,NAM,2016,18335007.116834585
NAM,NAM,2017,17848655.77074735
NAM,NAM,2018,17848547.779531337
NAM,NAM,2019,17798220.82228962
NAM,NAM,2020,16229836.167780656
NAM,NAM,2021,16252755.60075298
NAM,NAM,2022,18293965.62814396
NAM,NAM,2023,19600280.4752684
NAM,NAM,2024,18902623.0326308
NAM,NAM,2025,18993250.85352949
NCL,NCL,2015,5058992.116973495
NCL,NCL,2016,5618956.870179839
NCL,NCL,2017,5735698.198119707
NCL,NCL,2018,6259617.808523732
NCL,NCL,2019,6182474.612780654
NCL,NCL,2020,5986279.400146807
NCL,NCL,2021,5540087.288583973
NCL,NCL,2022,5675903.799339218
NCL,NCL,2023,6320572.988488577
NCL,NCL,2024,6202241.48152698
NCL,NCL,2025,6166824.88357416
NER,NER,2015,45315041.347324185
NER,NER,2016,46856585.73415749
NER,NER,2017,48346620.6488128
NER,NER,2018,50717362.106322974
NER,NER,2019,54899271.89333467
NER,NER,2020,57297991.73214837
NER,NER,2021,59364596.4248002
NER,NER,2022,63425657.00884596
NER,NER,2023,62035605.68751659
NER,NER,2024,66508254.33519631
NER,NER,2025,68221580.30297545
NFK,NFK,2015,11435.471304313493
NFK,NFK,2016,11938.907449480675
NFK,NFK,2017,14940.098590586776
NFK,NFK,2018,18436.838458545302
NFK,NFK,2019,12118.450877002617
NFK,NFK,2020,10047.954403035408
NFK,NFK,2021,13306.708951459152
NFK,NFK,2022,13457.46936370322
NFK,NFK,2023,15625.7351188856
NFK,NFK,2024,16615.063955132257
NFK,NFK,2025,14665.374613949729
NGA,NGA,2015,434567178.27914906
NGA,NGA,2016,422896366.96328217
NGA,NGA,2017,423607799.7588882
NGA,NGA,2018,435958891.44850457
NGA,NGA,2019,452072091.5059189
NGA,NGA,2020,425903446.4295079
NGA,NGA,2021,414198992.0378762
NGA,NGA,2022,407514337.4548352
NGA,NGA,2023,419717534.6953736
NGA,NGA,2024,437010419.8857505
NGA,NGA,2025,440745645.6404249
NIC,NIC,2015,20065540.63744183
NIC,NIC,2016,20890145.5742651
NIC,NIC,2017,20707062.805199243
NIC,NIC,2018,20755897.998475023
NIC,NIC,2019,20516566.94033527
NIC,NIC,2020,20292904.27375212
NIC,NIC,2021,21014621.46380528
NIC,NIC,2022,21656486.29223231
NIC,NIC,2023,22089220.730087724
NIC,NIC,2024,22125972.45042243
NIC,NIC,2025,22340625.773135167
NIU,NIU,2015,15366.15325619914
NIU,NIU,2016,17211.777593757764
NIU,NIU,2017,17722.240335329665
NIU,NIU,2018,16584.492160962385
NIU,NIU,2019,20035.253152796253
NIU,NIU,2020,13339.54586837083
NIU,NIU,2021,12972.5095365467
NIU,NIU,2022,14133.893662236318
NIU,NIU,2023,20346.199571153516
NIU,NIU,2024,20438.047899358484
NIU,NIU,2025,22307.766888925333
NLD,NLD,2015,242938668.90705124
NLD,NLD,2016,246135353.6146746
NLD,NLD,2017,243095085.52792236
NLD,NLD,2018,242407997.03289884
NLD,NLD,2019,232801760.90436748
NLD,NLD,2020,211153613.38689253
NLD,NLD,2021,223860470.5549091
NLD,NLD,2022,212605850.1816298
NLD,NLD,2023,199212961.98394537
NLD,NLD,2024,204078523.276426
NLD,NLD,2025,205362867.80071983
NOR,NOR,2015,114864029.54243164
NOR,NOR,2016,117271159.65724012
NOR,NOR,2017,120180208.0728027
NOR,NOR,2018,118768724.35137025
NOR,NOR,2019,115907516.787214
NOR,NOR,2020,114605552.38109411
NOR,NOR,2021,116963773.7140005
NOR,NOR,2022,118825530.4437291
NOR,NOR,2023,119229608.37732476
NOR,NOR,2024,121336650.73676103
NOR,NOR,2025,115127816.77148116
NPL,NPL,2015,37355857.84753468
NPL,NPL,2016,41903719.224334165
NPL,NPL,2017,45881064.89349887
NPL,NPL,2018,49009176.45230553
NPL,NPL,2019,49639193.7903825
NPL,NPL,2020,50674731.42070241
NPL,NPL,2021,51085416.86352619
NPL,NPL,2022,50487962.01773322
NPL,NPL,2023,46931844.02404606
NPL,NPL,2024,47163847.70941435
NPL,NPL,2025,48177734.46339617
NRU,NRU,2015,52696.20584447652
NRU,NRU,2016,55280.80394312869
NRU,NRU,2017,50674.79522237558
NRU,NRU,2018,55040.51152178494
NRU,NRU,2019,56462.27806789581
NRU,NRU,2020,50715.04547493586
NRU,NRU,2021,58356.178431553046
NRU,NRU,2022,60028.02162621622
NRU,NRU,2023,65359.99795649818
NRU,NRU,2024,60274.86511356212
NRU,NRU,2025,69530.88944306529
NZL,NZL,2015,89969006.79222462
NZL,NZL,2016,90643668.4069054
NZL,NZL,2017,92753195.61219136
NZL,NZL,2018,92685214.30705822
NZL,NZL,2019,94307950.7655114
NZL,NZL,2020,88449075.85689579
NZL,NZL,2021,86928384.782559
NZL,NZL,2022,84014765.72937566
NZL,NZL,2023,85196139.20366985
NZL,NZL,2024,86023131.02680118
NZL,NZL,2025,86206676.806294
OMN,OMN,2015,151271973.3783949
OMN,OMN,2016,155906296.45790997
OMN,OMN,2017,154223015.95035642
OMN,OMN,2018,159270474.00800675
OMN,OMN,2019,160901585.48557046
OMN,OMN,2020,157309747.54115862
OMN,OMN,2021,164607916.94215524
OMN,OMN,2022,174371604.12731192
OMN,OMN,2023,176902365.63787436
OMN,OMN,2024,182676510.8942355
OMN,OMN,2025,183930420.85161367
PAK,PAK,2015,451600596.2727506
PAK,PAK,2016,481952314.37998265
PAK,PAK,2017,517757851.2651198
PAK,PAK,2018,521775894.6183994
PAK,PAK,2019,544474016.4210801
PAK,PAK,2020,569610620.9400091
PAK,PAK,2021,580129225.6520866
PAK,PAK,2022,594691974.3625761
PAK,PAK,2023,605673735.1392324
PAK,PAK,2024,604167458.1758674
PAK,PAK,2025,616235371.0363815
PAN,PAN,2015,23835142.30029062
PAN,PAN,2016,24309875.62596478
PAN,PAN,2017,23672568.590004414
PAN,PAN,2018,24260684.36221407
PAN,PAN,2019,28649512.637551848
PAN,PAN,2020,25438162.98028804
PAN,PAN,2021,27512909.23569906
PAN,PAN,2022,29209281.13566292
PAN,PAN,2023,30554798.22215664
PAN,PAN,2024,27772647.604423422
PAN,PAN,2025,29377920.7743836
PCN,PCN,2015,661.4620479849141
PCN,PCN,2016,672.4924379683199
PCN,PCN,2017,683.3858783016203
PCN,PCN,2018,698.9021479555604
PCN,PCN,2019,701.2589497001516
PCN,PCN,2020,631.2450296700135
PCN,PCN,2021,683.2036864247667
PCN,PCN,2022,2139.9989030038987
PCN,PCN,2023,3896.834589253985
PCN,PCN,2024,5800.375032235459
PCN,PCN,2025,10048.409995169804
PER,PER,2015,112119843.2502166
PER,PER,2016,117760908.1454352
PER,PER,2017,115985117.48369634
PER,PER,2018,118826937.64485952
PER,PER,2019,121396211.55934437
PER,PER,2020,110502718.14694734
PER,PER,2021,117305744.81765316
PER,PER,2022,124895035.48372492
PER,PER,2023,126532837.08181228
PER,PER,2024,128663634.16254568
PER,PER,2025,130337765.2527122
PHL,PHL,2015,170549382.46157867
PHL,PHL,2016,188710417.26688024
PHL,PHL,2017,199081926.12683964
PHL,PHL,2018,209251377.13326097
PHL,PHL,2019,218299584.81972063
PHL,PHL,2020,210608965.54413316
PHL,PHL,2021,229061020.00018948
PHL,PHL,2022,241226862.45369896
PHL,PHL,2023,251945638.8380448
PHL,PHL,2024,255044244.67850232
PHL,PHL,2025,258024809.5229494
PLW,PLW,2015,669348.4798852048
PLW,PLW,2016,661834.6432714238
PLW,PLW,2017,688141.3139880496
PLW,PLW,2018,718771.3738566162
PLW,PLW,2019,738483.5567861994
PLW,PLW,2020,714301.7311730239
PLW,PLW,2021,715563.2232889947
PLW,PLW,2022,772396.8788507979
PLW,PLW,2023,771013.208371437
PLW,PLW,2024,816531.7213450047
PLW,PLW,2025,853442.9460789618
PNG,PNG,2015,42544982.12198591
PNG,PNG,2016,43667965.53235577
PNG,PNG,2017,43927431.770528026
PNG,PNG,2018,42834807.86749861
PNG,PNG,2019,44516945.71139239
PNG,PNG,2020,44279101.69314211
PNG,PNG,2021,44124923.0840241
PNG,PNG,2022,45090841.63334706
PNG,PNG,2023,45095116.072101966
PNG,PNG,2024,44843687.43445434
PNG,PNG,2025,45585471.72332593
POL,POL,2015,429019760.9715031
POL,POL,2016,436531103.2884915
POL,POL,2017,450024256.7860774
POL,POL,2018,449230253.7953666
POL,POL,2019,424494472.6916391
POL,POL,2020,410490151.604737
POL,POL,2021,441608139.2006825
POL,POL,2022,427177189.8812112
POL,POL,2023,390278012.4767573
POL,POL,2024,391238417.86085886
POL,POL,2025,390644528.6159805
PRI,PRI,2015,33931419.36164906
PRI,PRI,2016,33094149.50847715
PRI,PRI,2017,28282847.050652467
PRI,PRI,2018,28842989.289963927
PRI,PRI,2019,30175693.67646971
PRI,PRI,2020,29208333.21818273
PRI,PRI,2021,33517344.958988734
PRI,PRI,2022,33615401.904903755
PRI,PRI,2023,33509520.277783584
PRI,PRI,2024,33081328.07099354
PRI,PRI,2025,33066997.296381205
PRK,PRK,2015,113333128.08015303
PRK,PRK,2016,119920315.50234012
PRK,PRK,2017,151081757.1109595
PRK,PRK,2018,131302087.2647676
PRK,PRK,2019,138481875.3581219
PRK,PRK,2020,123588719.3637403
PRK,PRK,2021,102469345.85442343
PRK,PRK,2022,115865082.0009414
PRK,PRK,2023,122943908.6877147
PRK,PRK,2024,118892460.03222153
PRK,PRK,2025,118943754.08883716
PRT,PRT,2015,95060330.74204856
PRT,PRT,2016,93917647.09822556
PRT,PRT,2017,99524838.6314843
PRT,PRT,2018,97141083.80094956
PRT,PRT,2019,94018112.71028872
PRT,PRT,2020,83151599.90572836
PRT,PRT,2021,85260627.10691673
PRT,PRT,2022,86645013.53036834
PRT,PRT,2023,84865902.03665991
PRT,PRT,2024,84871537.2834826
PRT,PRT,2025,85877896.74207184
PRY,PRY,2015,39370981.352998726
PRY,PRY,2016,39123742.96750814
PRY,PRY,2017,39642130.55071043
PRY,PRY,2018,39356191.09200516
PRY,PRY,2019,40021081.46530256
PRY,PRY,2020,40166416.10505859
PRY,PRY,2021,41868720.755939774
PRY,PRY,2022,42043929.9268428
PRY,PRY,2023,41525468.02601775
PRY,PRY,2024,41541923.4640654
PRY,PRY,2025,41730065.19016761
PSE,PSE,2015,4942904.34670943
PSE,PSE,2016,4995475.269786875
PSE,PSE,2017,5094658.584138931
PSE,PSE,2018,5093475.238145022
PSE,PSE,2019,5389964.835059849
PSE,PSE,2020,5034857.249923084
PSE,PSE,2021,5417695.009924427
PSE,PSE,2022,5608705.559165408
PSE,PSE,2023,5808124.362686014
PSE,PSE,2024,6077244.973416263
PSE,PSE,2025,6342750.43973492
PYF,PYF,2015,1840307.9594693875
PYF,PYF,2016,1926816.924199267
PYF,PYF,2017,1994017.15619993
PYF,PYF,2018,2098035.316030073
PYF,PYF,2019,2236122.5811900706
PYF,PYF,2020,2124261.193290248
PYF,PYF,2021,2131217.815851781
PYF,PYF,2022,2480721.5026299413
PYF,PYF,2023,2638772.0119388564
PYF,PYF,2024,2778135.3930979576
PYF,PYF,2025,2677713.836958961
QAT,QAT,2015,230154794.24430227
QAT,QAT,2016,229102700.72370788
QAT,QAT,2017,232817398.0704952
QAT,QAT,2018,235561189.3656588
QAT,QAT,2019,236234766.82439417
QAT,QAT,2020,232960050.15681943
QAT,QAT,2021,239260287.6306324
QAT,QAT,2022,244565325.05300456
QAT,QAT,2023,249095378.23631623
QAT,QAT,2024,251511785.48744735
QAT,QAT,2025,245616081.3416025
REU,REU,2015,5843284.91932856
REU,REU,2016,5995730.265852908
REU,REU,2017,6256782.819075354
REU,REU,2018,6175595.31996814
REU,REU,2019,6418857.610687238
REU,REU,2020,6288815.275835334
REU,REU,2021,6768093.40074832
REU,REU,2022,6642470.988536815
REU,REU,2023,6745301.285981185
REU,REU,2024,6868627.677355257
REU,REU,2025,6838946.283523412
ROU,ROU,2015,145237016.18902093
ROU,ROU,2016,143802407.84238416
ROU,ROU,2017,152860387.95072663
ROU,ROU,2018,152794342.4208407
ROU,ROU,2019,154020552.4805031
ROU,ROU,2020,142692405.6231811
ROU,ROU,2021,132172866.86823802
ROU,ROU,2022,126246703.0889672
ROU,ROU,2023,121703566.5181403
ROU,ROU,2024,117613823.01468796
ROU,ROU,2025,118430913.78993715
RUS,RUS,2015,2741004485.99425
RUS,RUS,2016,2717123180.951598
RUS,RUS,2017,2816935120.103512
RUS,RUS,2018,2945990609.051505
RUS,RUS,2019,2962244170.095903
RUS,RUS,2020,2833623160.689889
RUS,RUS,2021,3043034196.375614
RUS,RUS,2022,3015652506.9987435
RUS,RUS,2023,3056390160.17894
RUS,RUS,2024,2990464500.222564
RUS,RUS,2025,2976502796.200675
RWA,RWA,2015,12282485.413201705
RWA,RWA,2016,12006178.374448435
RWA,RWA,2017,12194057.34395084
RWA,RWA,2018,12455836.043420492
RWA,RWA,2019,13026609.309295902
RWA,RWA,2020,13062266.52983241
RWA,RWA,2021,13209089.266432852
RWA,RWA,2022,13419588.161738165
RWA,RWA,2023,13769965.724680534
RWA,RWA,2024,14149029.3351706
RWA,RWA,2025,14273320.25550584
SAU,SAU,2015,963416311.181947
SAU,SAU,2016,970555074.9838996
SAU,SAU,2017,970782696.9760758
SAU,SAU,2018,966855477.6514132
SAU,SAU,2019,965064481.9161048
SAU,SAU,2020,948416142.4750797
SAU,SAU,2021,955216421.9931374
SAU,SAU,2022,1021853148.7629614
SAU,SAU,2023,1026599647.404855
SAU,SAU,2024,1042877198.1183507
SAU,SAU,2025,1059226710.4121132
SDN,SDN,2015,142800471.08544996
SDN,SDN,2016,147575543.7986626
SDN,SDN,2017,148041623.12065935
SDN,SDN,2018,149694648.68097553
SDN,SDN,2019,149209795.78177083
SDN,SDN,2020,145842745.97730333
SDN,SDN,2021,146627387.7332608
SDN,SDN,2022,142331703.65698567
SDN,SDN,2023,143591224.76405793
SDN,SDN,2024,142412339.8384021
SDN,SDN,2025,144723981.62670717
SEN,SEN,2015,32768380.81953444
SEN,SEN,2016,35028380.01112892
SEN,SEN,2017,34916201.18546803
SEN,SEN,2018,36653645.418788485
SEN,SEN,2019,38266138.66981682
SEN,SEN,2020,38086615.17578842
SEN,SEN,2021,38946935.07588721
SEN,SEN,2022,40820884.4499265
SEN,SEN,2023,43384539.37706396
SEN,SEN,2024,44336692.96087602
SEN,SEN,2025,45280156.53803429
SGP,SGP,2015,98588817.82468684
SGP,SGP,2016,99417247.53694238
SGP,SGP,2017,107790772.23105164
SGP,SGP,2018,107098298.50289676
SGP,SGP,2019,110498976.70618124
SGP,SGP,2020,98472201.85366726
SGP,SGP,2021,103193439.79919134
SGP,SGP,2022,107626701.7250212
SGP,SGP,2023,110339926.13998948
SGP,SGP,2024,115522988.58797568
SGP,SGP,2025,114827446.72568524
SGS,SGS,2015,24629.634355242382
SGS,SGS,2016,32228.707428214304
SGS,SGS,2017,27074.44311413044
SGS,SGS,2018,21044.58604163686
SGS,SGS,2019,32156.383602878643
SGS,SGS,2020,53102.06573847227
SGS,SGS,2021,32808.58274656793
SGS,SGS,2022,62767.50885270232
SGS,SGS,2023,82204.38059472214
SGS,SGS,2024,125531.13803264956
SGS,SGS,2025,82452.38676544
SHN,SHN,2015,42138.07059123635
SHN,SHN,2016,34715.02953056352
SHN,SHN,2017,43996.853395514656
SHN,SHN,2018,43685.92947193936
SHN,SHN,2019,51150.78188433925
SHN,SHN,2020,49740.4427918459
SHN,SHN,2021,57894.1147206242
SHN,SHN,2022,66983.69326626864
SHN,SHN,2023,50481.72227859709
SHN,SHN,2024,61364.65942379147
SHN,SHN,2025,46402.70471623629
SJM,SJM,2015,209096.7408882782
SJM,SJM,2016,223099.5785426618
SJM,SJM,2017,228638.6140428304
SJM,SJM,2018,327005.0045216297
SJM,SJM,2019,238574.83776081985
SJM,SJM,2020,164929.17360409955
SJM,SJM,2021,285320.47054060345
SJM,SJM,2022,480104.5305869127
SJM,SJM,2023,527756.646407866
SJM,SJM,2024,470883.00046956487
SJM,SJM,2025,404071.86873057927
SLB,SLB,2015,694415.1144602057
SLB,SLB,2016,785629.9280010883
SLB,SLB,2017,812667.9357138113
SLB,SLB,2018,853486.1752743194
SLB,SLB,2019,840373.8882455337
SLB,SLB,2020,823813.693686514
SLB,SLB,2021,720822.9610152936
SLB,SLB,2022,846882.4382616819
SLB,SLB,2023,825696.9202229095
SLB,SLB,2024,843957.7574890127
SLB,SLB,2025,815123.178042912
SLE,SLE,2015,10384756.175907131
SLE,SLE,2016,10858640.550596133
SLE,SLE,2017,10988407.385444565
SLE,SLE,2018,13018688.794347413
SLE,SLE,2019,10041758.662651597
SLE,SLE,2020,10498567.020084776
SLE,SLE,2021,9016074.265834404
SLE,SLE,2022,8911458.32227508
SLE,SLE,2023,9017052.65609542
SLE,SLE,2024,9111597.65381413
SLE,SLE,2025,9201052.741666216
SLV,SLV,2015,13011382.37239487
SLV,SLV,2016,12826106.957346495
SLV,SLV,2017,12276436.653602883
SLV,SLV,2018,12839478.776107209
SLV,SLV,2019,13773235.85183606
SLV,SLV,2020,12153749.986258794
SLV,SLV,2021,13545986.760640323
SLV,SLV,2022,14401124.936472476
SLV,SLV,2023,14791872.456735505
SLV,SLV,2024,14851445.074473169
SLV,SLV,2025,14827042.138402907
SMR,SMR,2015,76841.09576581385
SMR,SMR,2016,77402.24791580354
SMR,SMR,2017,77700.92711808148
SMR,SMR,2018,79845.40273359124
SMR,SMR,2019,77944.86528749498
SMR,SMR,2020,73788.15376265794
SMR,SMR,2021,76124.5688140356
SMR,SMR,2022,71389.07242066754
SMR,SMR,2023,69338.53116735915
SMR,SMR,2024,68937.98884067306
SMR,SMR,2025,67728.32626441357
SOM,SOM,2015,36444244.60822421
SOM,SOM,2016,36842963.82095425
SOM,SOM,2017,36911436.82426419
SOM,SOM,2018,37199462.37241405
SOM,SOM,2019,38287375.19897752
SOM,SOM,2020,38928013.31537067
SOM,SOM,2021,38450559.58382389
SOM,SOM,2022,39324056.68003173
SOM,SOM,2023,39976707.04329028
SOM,SOM,2024,40435148.97469872
SOM,SOM,2025,40773960.876084425
SPM,SPM,2015,87099.0871139471
SPM,SPM,2016,87429.2596825905
SPM,SPM,2017,91634.1533574654
SPM,SPM,2018,109316.14709448809
SPM,SPM,2019,117810.8520426536
SPM,SPM,2020,103897.70842318684
SPM,SPM,2021,118416.63186999256
SPM,SPM,2022,143527.244013395
SPM,SPM,2023,144518.0288354762
SPM,SPM,2024,128670.78823462962
SPM,SPM,2025,139588.19371744047
SRB,SRB,2015,63072391.05978092
SRB,SRB,2016,64060896.49993355
SRB,SRB,2017,64125584.132301584
SRB,SRB,2018,63430703.80854712
SRB,SRB,2019,62147799.50462562
SRB,SRB,2020,62022543.7147343
SRB,SRB,2021,60547866.12418519
SRB,SRB,2022,59833473.662289456
SRB,SRB,2023,61544144.54996157
SRB,SRB,2024,62712217.96471869
SRB,SRB,2025,64093351.55071187
SSD,SSD,2015,49835384.77545553
SSD,SSD,2016,49326923.199056365
SSD,SSD,2017,49214972.05585671
SSD,SSD,2018,52074114.44417352
SSD,SSD,2019,54033789.63206287
SSD,SSD,2020,54191870.5445017
SSD,SSD,2021,53476039.74553481
SSD,SSD,2022,54554775.83393114
SSD,SSD,2023,55623797.9565387
SSD,SSD,2024,54223541.16019012
SSD,SSD,2025,55106090.63411892
STP,STP,2015,240206.60611262065
STP,STP,2016,249421.0779773992
STP,STP,2017,252925.7665700857
STP,STP,2018,252871.0975697717
STP,STP,2019,278068.15649399994
STP,STP,2020,281012.82341636025
STP,STP,2021,287945.469429036
STP,STP,2022,278756.5334018413
STP,STP,2023,281671.980715666
STP,STP,2024,284023.89753455034
STP,STP,2025,285244.8484745159
SUR,SUR,2015,6311553.836179616
SUR,SUR,2016,6634825.210989537
SUR,SUR,2017,5955053.905626495
SUR,SUR,2018,5646614.7611449575
SUR,SUR,2019,6364958.834390255
SUR,SUR,2020,6103332.980090529
SUR,SUR,2021,5919687.584122275
SUR,SUR,2022,6162043.632020531
SUR,SUR,2023,6461947.617702159
SUR,SUR,2024,5958407.206715588
SUR,SUR,2025,5972223.007137812
SVK,SVK,2015,45906221.19926333
SVK,SVK,2016,47607248.80800478
SVK,SVK,2017,49587606.64931062
SVK,SVK,2018,49860368.70804247
SVK,SVK,2019,46529168.46974763
SVK,SVK,2020,43833956.60074434
SVK,SVK,2021,49599456.93597072
SVK,SVK,2022,43878960.80497197
SVK,SVK,2023,43873135.57705012
SVK,SVK,2024,41571879.25515599
SVK,SVK,2025,42551438.850452825
SVN,SVN,2015,17015835.912413374
SVN,SVN,2016,18258976.932108294
SVN,SVN,2017,18379977.79819085
SVN,SVN,2018,18096105.901543397
SVN,SVN,2019,17770859.63237582
SVN,SVN,2020,16714449.373207426
SVN,SVN,2021,17205004.44460744
SVN,SVN,2022,16021778.152811153
SVN,SVN,2023,15896637.658147154
SVN,SVN,2024,16496813.292281484
SVN,SVN,2025,15668245.454454076
SWE,SWE,2015,84217088.26548249
SWE,SWE,2016,86728406.00738172
SWE,SWE,2017,87746625.80323502
SWE,SWE,2018,86441515.277194
SWE,SWE,2019,85504768.38026494
SWE,SWE,2020,82559344.04462789
SWE,SWE,2021,84887520.8295097
SWE,SWE,2022,85124589.2540107
SWE,SWE,2023,83821938.45187548
SWE,SWE,2024,83398220.7598707
SWE,SWE,2025,83188427.69424158
SWZ,SWZ,2015,3308196.9281394198
SWZ,SWZ,2016,3262288.525229539
SWZ,SWZ,2017,3215355.475783657
SWZ,SWZ,2018,3193003.396071455
SWZ,SWZ,2019,3395530.991430025
SWZ,SWZ,2020,3237272.018330923
SWZ,SWZ,2021,3327777.166857569
SWZ,SWZ,2022,3571077.9724660907
SWZ,SWZ,2023,3681963.007697729
SWZ,SWZ,2024,3774599.44080085
SWZ,SWZ,2025,3822466.0699421726
SXM,SXM,2015,901936.3049469484
SXM,SXM,2016,898970.8665793187
SXM,SXM,2017,697895.3824816627
SXM,SXM,2018,659283.7421502784
SXM,SXM,2019,780391.163726197
SXM,SXM,2020,627101.2823982376
SXM,SXM,2021,793791.2877517304
SXM,SXM,2022,794672.6260730298
SXM,SXM,2023,767338.371854958
SXM,SXM,2024,790234.1271222115
SXM,SXM,2025,848759.2091735039
SYC,SYC,2015,1051268.9148586604
SYC,SYC,2016,1189335.635521542
SYC,SYC,2017,1309169.1594869231
SYC,SYC,2018,1404753.859137253
SYC,SYC,2019,1507765.6278166932
SYC,SYC,2020,1331946.839145206
SYC,SYC,2021,1391151.8668281331
SYC,SYC,2022,1545730.4047640364
SYC,SYC,2023,1558184.3342839824
SYC,SYC,2024,1562434.2355911373
SYC,SYC,2025,1597092.3798797452
SYR,SYR,2015,67294741.04880548
SYR,SYR,2016,60633623.31718899
SYR,SYR,2017,66078220.27050444
SYR,SYR,2018,71738309.15835099
SYR,SYR,2019,69687692.83596201
SYR,SYR,2020,67117516.20263818
SYR,SYR,2021,69732403.1763738
SYR,SYR,2022,71242636.85247496
SYR,SYR,2023,73009059.73455271
SYR,SYR,2024,74939725.7911514
SYR,SYR,2025,76187854.83967601
TCA,TCA,2015,660007.8093743332
TCA,TCA,2016,699610.2814658671
TCA,TCA,2017,701074.7950068841
TCA,TCA,2018,658289.2938817332
TCA,TCA,2019,770239.562325653
TCA,TCA,2020,432863.87117404863
TCA,TCA,2021,463509.9740631189
TCA,TCA,2022,694252.8636987865
TCA,TCA,2023,680162.3011470645
TCA,TCA,2024,750661.3423848763
TCA,TCA,2025,775252.9834669774
TCD,TCD,2015,86180390.45713827
TCD,TCD,2016,90487495.90770017
TCD,TCD,2017,96836505.7169067
TCD,TCD,2018,102587672.55382968
TCD,TCD,2019,109094271.834609
TCD,TCD,2020,114198854.49507116
TCD,TCD,2021,117964400.48853588
TCD,TCD,2022,125986283.979901
TCD,TCD,2023,133391605.80665769
TCD,TCD,2024,136080495.33444655
TCD,TCD,2025,136388547.7607913
TGO,TGO,2015,8372077.942367755
TGO,TGO,2016,9121109.38814812
TGO,TGO,2017,9436698.703476906
TGO,TGO,2018,9347896.421993377
TGO,TGO,2019,10029784.27499158
TGO,TGO,2020,10627043.18632386
TGO,TGO,2021,10294592.004058404
TGO,TGO,2022,10796800.635745028
TGO,TGO,2023,10984105.415443936
TGO,TGO,2024,11374570.03433024
TGO,TGO,2025,11564740.39205059
THA,THA,2015,429306867.9587247
THA,THA,2016,445041638.9440239
THA,THA,2017,422728041.4111351
THA,THA,2018,416316696.2904499
THA,THA,2019,438578083.0312479
THA,THA,2020,430148321.933117
THA,THA,2021,465608321.4539889
THA,THA,2022,482252931.6808444
THA,THA,2023,489104325.62543
THA,THA,2024,501965789.6118141
THA,THA,2025,503472966.4787769
TJK,TJK,2015,21310224.63390506
TJK,TJK,2016,20319718.59055301
TJK,TJK,2017,20884528.053538587
TJK,TJK,2018,22980893.849304013
TJK,TJK,2019,24195844.26792931
TJK,TJK,2020,25442796.551302552
TJK,TJK,2021,26531870.50743328
TJK,TJK,2022,26742631.413000207
TJK,TJK,2023,27364262.40681389
TJK,TJK,2024,27483743.459973518
TJK,TJK,2025,27517806.398735978
TKL,TKL,2015,1991.8753137025672
TKL,TKL,2016,2000.9844719104228
TKL,TKL,2017,2066.816940211491
TKL,TKL,2018,2203.022250433319
TKL,TKL,2019,2460.899265055891
TKL,TKL,2020,2658.1582537931995
TKL,TKL,2021,3105.423741601766
TKL,TKL,2022,3137.535010588497
TKL,TKL,2023,2627.2588957811386
TKL,TKL,2024,2671.666903323904
TKL,TKL,2025,2809.7978524238583
TKM,TKM,2015,241476925.3552858
TKM,TKM,2016,236426099.519479
TKM,TKM,2017,229300107.5360963
TKM,TKM,2018,229250365.6270016
TKM,TKM,2019,230252320.7160967
TKM,TKM,2020,228948641.99732456
TKM,TKM,2021,235099702.7338138
TKM,TKM,2022,243160492.05591995
TKM,TKM,2023,244666009.26745865
TKM,TKM,2024,235464191.26449707
TKM,TKM,2025,240154822.75350732
TLS,TLS,2015,7668575.34297791
TLS,TLS,2016,7339079.169842819
TLS,TLS,2017,6711099.330635893
TLS,TLS,2018,6565204.182611441
TLS,TLS,2019,6538772.07013396
TLS,TLS,2020,6138638.817187416
TLS,TLS,2021,6146131.913063279
TLS,TLS,2022,4210583.226598026
TLS,TLS,2023,2875857.235475636
TLS,TLS,2024,2329023.156643147
TLS,TLS,2025,2127802.667026138
TON,TON,2015,324233.941867574
TON,TON,2016,354614.7824023668
TON,TON,2017,395969.7648049872
TON,TON,2018,377498.6208624847
TON,TON,2019,416899.19698411424
TON,TON,2020,351258.08756556135
TON,TON,2021,360049.0956629618
TON,TON,2022,390053.3474804172
TON,TON,2023,438698.815456642
TON,TON,2024,443646.8044488735
TON,TON,2025,446005.6810299833
TTO,TTO,2015,60042057.73316061
TTO,TTO,2016,54844739.27909111
TTO,TTO,2017,56658593.72966659
TTO,TTO,2018,56716286.59178531
TTO,TTO,2019,56294337.26109235
TTO,TTO,2020,51684276.87356898
TTO,TTO,2021,47631658.262875736
TTO,TTO,2022,48975691.13733012
TTO,TTO,2023,46261800.87220249
TTO,TTO,2024,45802850.20979121
TTO,TTO,2025,43293476.38163929
TUN,TUN,2015,54192999.32085536
TUN,TUN,2016,53007824.26286522
TUN,TUN,2017,54475741.548516095
TUN,TUN,2018,54081722.59082426
TUN,TUN,2019,54173584.33656152
TUN,TUN,2020,52467489.62942378
TUN,TUN,2021,55786501.93379273
TUN,TUN,2022,56008749.64621562
TUN,TUN,2023,55531360.29187481
TUN,TUN,2024,54938807.1156138
TUN,TUN,2025,55643719.1144272
TUR,TUR,2015,511617807.98580766
TUR,TUR,2016,536777967.1454548
TUR,TUR,2017,573795365.9191653
TUR,TUR,2018,573151452.2668705
TUR,TUR,2019,566014623.6578746
TUR,TUR,2020,566736263.3667763
TUR,TUR,2021,602784201.8887057
TUR,TUR,2022,605366565.7886661
TUR,TUR,2023,603764033.6581333
TUR,TUR,2024,616337975.8454293
TUR,TUR,2025,631248606.4122332
TUV,TUV,2015,138696.39226336582
TUV,TUV,2016,133169.07972888494
TUV,TUV,2017,115203.52476134842
TUV,TUV,2018,110695.88757110485
TUV,TUV,2019,103749.74193249048
TUV,TUV,2020,66612.29956309599
TUV,TUV,2021,51358.66955120955
TUV,TUV,2022,45259.64712439908
TUV,TUV,2023,61972.34506590888
TUV,TUV,2024,81176.52213162457
TUV,TUV,2025,62214.63773235553
TWN,TWN,2015,323421489.13019115
TWN,TWN,2016,329751614.39873666
TWN,TWN,2017,337673641.3454264
TWN,TWN,2018,336149430.23785305
TWN,TWN,2019,327016271.66329354
TWN,TWN,2020,319685094.6440959
TWN,TWN,2021,329781894.7140817
TWN,TWN,2022,320862034.54490954
TWN,TWN,2023,317521836.88352925
TWN,TWN,2024,316575472.126072
TWN,TWN,2025,303751213.1997698
TZA,TZA,2015,99841419.70365804
TZA,TZA,2016,105001249.2993698
TZA,TZA,2017,107321078.83636191
TZA,TZA,2018,112991328.65463154
TZA,TZA,2019,120196272.06270158
TZA,TZA,2020,123208605.50599098
TZA,TZA,2021,136607413.74476928
TZA,TZA,2022,144067049.68810305
TZA,TZA,2023,148376231.46651107
TZA,TZA,2024,153180182.94632214
TZA,TZA,2025,154332171.75984132
UGA,UGA,2015,58001478.31424704
UGA,UGA,2016,59468869.26435765
UGA,UGA,2017,59895006.64279632
UGA,UGA,2018,62105305.67108744
UGA,UGA,2019,63286240.14017831
UGA,UGA,2020,64297770.933172666
UGA,UGA,2021,65899852.36810229
UGA,UGA,2022,66589616.0769808
UGA,UGA,2023,68155364.94257319
UGA,UGA,2024,70090165.38950421
UGA,UGA,2025,70674435.19008276
UKR,UKR,2015,394294927.9855748
UKR,UKR,2016,403873658.917088
UKR,UKR,2017,388740020.5433827
UKR,UKR,2018,398422144.5686088
UKR,UKR,2019,389155152.7717092
UKR,UKR,2020,379201047.8558993
UKR,UKR,2021,374627093.8353828
UKR,UKR,2022,296718995.30969024
UKR,UKR,2023,276770395.1184486
UKR,UKR,2024,273515538.4000488
UKR,UKR,2025,271188887.1731654
UMI,UMI,2015,3236.71018538615
UMI,UMI,2016,3268.423182391457
UMI,UMI,2017,3299.032144985876
UMI,UMI,2018,3343.255032948888
UMI,UMI,2019,3329.457554195857
UMI,UMI,2020,3352.0534682143343
UMI,UMI,2021,3697.1547614559
UMI,UMI,2022,2757.3765367567294
UMI,UMI,2023,2810.1551280699096
UMI,UMI,2024,2813.300385301993
UMI,UMI,2025,2880.6903197891424
UNK,UNK,2015,0.0
UNK,UNK,2016,234929744.1640468
UNK,UNK,2017,253189043.3250348
UNK,UNK,2018,267197228.0875183
UNK,UNK,2019,269193847.7960345
UNK,UNK,2020,272186433.34903014
UNK,UNK,2021,253777199.9282535
UNK,UNK,2022,203732976.2054124
UNK,UNK,2023,173657103.07571238
UNK,UNK,2024,182665661.5562752
UNK,UNK,2025,200773923.1581777
URY,URY,2015,37193439.947770335
URY,URY,2016,37323688.84888206
URY,URY,2017,36693528.13077704
URY,URY,2018,36491465.57906409
URY,URY,2019,36795284.90854288
URY,URY,2020,36561843.59918488
URY,URY,2021,42273434.15285248
URY,URY,2022,42436876.873358406
URY,URY,2023,39957855.90587796
URY,URY,2024,39913151.27425831
URY,URY,2025,40003358.312283576
USA,USA,2015,6962718117.74729
USA,USA,2016,6853396404.51936
USA,USA,2017,6806021199.887638
USA,USA,2018,7052309225.80425
USA,USA,2019,6958393352.896213
USA,USA,2020,6398239067.660634
USA,USA,2021,6772105309.507623
USA,USA,2022,6911308568.791216
USA,USA,2023,6842613746.19562
USA,USA,2024,6917411001.262154
USA,USA,2025,6958966262.668473
UZB,UZB,2015,198226431.200171
UZB,UZB,2016,209503037.37254184
UZB,UZB,2017,213832725.4679557
UZB,UZB,2018,211547053.10186312
UZB,UZB,2019,218980814.1121997
UZB,UZB,2020,227627658.2637233
UZB,UZB,2021,230534316.04747817
UZB,UZB,2022,238939278.16313577
UZB,UZB,2023,241940417.1358001
UZB,UZB,2024,245520132.7350608
UZB,UZB,2025,248700565.1151356
VAT,VAT,2015,14873.11917330193
VAT,VAT,2016,14735.125835350727
VAT,VAT,2017,14776.300351694816
VAT,VAT,2018,15368.770405484069
VAT,VAT,2019,14918.86152961295
VAT,VAT,2020,14417.312539572667
VAT,VAT,2021,14003.143753472685
VAT,VAT,2022,12444.364735421652
VAT,VAT,2023,11643.702059218818
VAT,VAT,2024,11568.796259847702
VAT,VAT,2025,11474.654123941418
VCT,VCT,2015,303620.3139380896
VCT,VCT,2016,343325.1167024142
VCT,VCT,2017,374985.5340690507
VCT,VCT,2018,447484.6345536707
VCT,VCT,2019,464576.0039482602
VCT,VCT,2020,436237.0141984008
VCT,VCT,2021,420733.27529070666
VCT,VCT,2022,480365.65342695615
VCT,VCT,2023,468939.5491999735
VCT,VCT,2024,504397.2295918356
VCT,VCT,2025,531774.8359421241
VEN,VEN,2015,600730223.4961599
VEN,VEN,2016,564451969.5222906
VEN,VEN,2017,511786878.5805049
VEN,VEN,2018,410071837.7937873
VEN,VEN,2019,308076496.7953021
VEN,VEN,2020,216769600.42487705
VEN,VEN,2021,227220859.22744232
VEN,VEN,2022,246387660.43826345
VEN,VEN,2023,263921030.8856688
VEN,VEN,2024,264329844.27574196
VEN,VEN,2025,269416605.94775367
VGB,VGB,2015,415442.3034230741
VGB,VGB,2016,541718.7574348303
VGB,VGB,2017,409328.51901410206
VGB,VGB,2018,328605.7285457419
VGB,VGB,2019,425049.306723877
VGB,VGB,2020,306227.1091092868
VGB,VGB,2021,332195.9247833665
VGB,VGB,2022,410214.68383953336
VGB,VGB,2023,499421.3307349274
VGB,VGB,2024,602430.7247278999
VGB,VGB,2025,641877.6789569561
VIR,VIR,2015,1120059.7477949923
VIR,VIR,2016,1175661.0103740578
VIR,VIR,2017,1147816.8860772245
VIR,VIR,2018,1138892.2391283708
VIR,VIR,2019,1312486.383742884
VIR,VIR,2020,1002689.610246781
VIR,VIR,2021,1274405.8315088267
VIR,VIR,2022,1274971.215861553
VIR,VIR,2023,1388497.4133788268
VIR,VIR,2024,1396793.0356651824
VIR,VIR,2025,1307128.327739959
VNM,VNM,2015,352064855.3172327
VNM,VNM,2016,382880595.8877552
VNM,VNM,2017,385596633.8056237
VNM,VNM,2018,423430146.06840986
VNM,VNM,2019,474723624.0402932
VNM,VNM,2020,474334893.02823806
VNM,VNM,2021,472287042.5397366
VNM,VNM,2022,467047260.3482964
VNM,VNM,2023,495647110.298913
VNM,VNM,2024,523741292.83878976
VNM,VNM,2025,535848085.8269631
VUT,VUT,2015,496301.19684500096
VUT,VUT,2016,538519.0391040992
VUT,VUT,2017,565095.9073758818
VUT,VUT,2018,627220.0037331793
VUT,VUT,2019,596747.614451484
VUT,VUT,2020,522458.1770574504
VUT,VUT,2021,491579.1065683154
VUT,VUT,2022,548581.8080245871
VUT,VUT,2023,673260.0872955034
VUT,VUT,2024,710010.8898976439
VUT,VUT,2025,678362.7263743326
WLF,WLF,2015,38186.94461636063
WLF,WLF,2016,38766.43258299237
WLF,WLF,2017,41269.333441528666
WLF,WLF,2018,41181.475016596094
WLF,WLF,2019,40899.69373220429
WLF,WLF,2020,38187.6401955043
WLF,WLF,2021,41476.3445283451
WLF,WLF,2022,42782.0067611513
WLF,WLF,2023,43069.16436370799
WLF,WLF,2024,43339.45310208277
WLF,WLF,2025,40816.80995662029
WSM,WSM,2015,486489.7024651731
WSM,WSM,2016,522956.9994372621
WSM,WSM,2017,509199.6834978603
WSM,WSM,2018,517742.56614630925
WSM,WSM,2019,560614.3158496087
WSM,WSM,2020,509139.42311302986
WSM,WSM,2021,502679.7186665088
WSM,WSM,2022,527207.1387626035
WSM,WSM,2023,612439.5964459379
WSM,WSM,2024,626245.866966312
WSM,WSM,2025,610447.3463114202
XKX,XKX,2015,10258673.569043998
XKX,XKX,2016,10776730.92287983
XKX,XKX,2017,11220773.512275692
XKX,XKX,2018,10956803.789628576
XKX,XKX,2019,11299572.725799548
XKX,XKX,2020,11446024.016117103
XKX,XKX,2021,11577646.54323152
XKX,XKX,2022,11726102.300613144
XKX,XKX,2023,10888330.34734768
XKX,XKX,2024,11612908.100293929
XKX,XKX,2025,10380441.200091382
YEM,YEM,2015,43709103.41326533
YEM,YEM,2016,38694903.433295846
YEM,YEM,2017,40072781.82352957
YEM,YEM,2018,43376788.92801845
YEM,YEM,2019,45437904.21741436
YEM,YEM,2020,43352865.92316547
YEM,YEM,2021,45504187.15225661
YEM,YEM,2022,45999255.3433528
YEM,YEM,2023,46968880.78006144
YEM,YEM,2024,47959704.70673921
YEM,YEM,2025,47908130.49224909
ZAF,ZAF,2015,627603845.5290575
ZAF,ZAF,2016,620096853.8888603
ZAF,ZAF,2017,651795553.0426096
ZAF,ZAF,2018,644666570.6006464
ZAF,ZAF,2019,645897874.7677147
ZAF,ZAF,2020,609430359.0463285
ZAF,ZAF,2021,609049041.2769818
ZAF,ZAF,2022,596019610.9773986
ZAF,ZAF,2023,593223142.9828976
ZAF,ZAF,2024,608925976.0022123
ZAF,ZAF,2025,612058864.3129096
ZMB,ZMB,2015,42038931.12541908
ZMB,ZMB,2016,42701486.48605202
ZMB,ZMB,2017,44625347.62469642
ZMB,ZMB,2018,46218343.947447285
ZMB,ZMB,2019,46399589.00483247
ZMB,ZMB,2020,49513446.85444537
ZMB,ZMB,2021,50587968.06026998
ZMB,ZMB,2022,53777006.35081559
ZMB,ZMB,2023,54911056.37122888
ZMB,ZMB,2024,54883155.71407376
ZMB,ZMB,2025,54419551.22869298
ZNC,ZNC,2015,0.0
ZNC,ZNC,2016,0.0
ZNC,ZNC,2017,0.0
ZNC,ZNC,2018,0.0
ZNC,ZNC,2019,0.0
ZNC,ZNC,2020,0.0
ZNC,ZNC,2021,2776261.05095173
ZNC,ZNC,2022,2877230.768384417
ZNC,ZNC,2023,2908835.971141439
ZNC,ZNC,2024,2970233.803309477
ZNC,ZNC,2025,3000944.6344348597
ZWE,ZWE,2015,41151678.18352006
ZWE,ZWE,2016,37049220.06663783
ZWE,ZWE,2017,37403038.693896346
ZWE,ZWE,2018,42199744.28992451
ZWE,ZWE,2019,39738801.08890055
ZWE,ZWE,2020,34891073.2040883
ZWE,ZWE,2021,36695104.00994602
ZWE,ZWE,2022,37753438.51529042
ZWE,ZWE,2023,39701982.11749136
ZWE,ZWE,2024,43473966.58207738
ZWE,ZWE,2025,44047309.658610456
